Image_0000.png,0.0,0
Image_0001.png,0.0,0
Image_0002.png,0.0,0
Image_0003.png,0.0,0
Image_0004.png,0.0,0
Image_0005.png,0.0,0
Image_0006.png,0.0,0
Image_0007.png,0.0,0
Image_0008.png,0.0,0
Image_0009.png,0.0,0
Image_0010.png,0.0,0
Image_0011.png,0.0,0
Image_0012.png,0.0,0
Image_0013.png,0.0,0
Image_0014.png,0.0,0
Image_0015.png,0.0,0
Image_0016.png,0.0,0
Image_0017.png,0.0,0
Image_0018.png,0.0,0
Image_0019.png,0.0,0
Image_0020.png,0.0,0
Image_0021.png,0.0,0
Image_0022.png,0.0,0
Image_0023.png,0.0,0
Image_0024.png,0.0,0
Image_0025.png,0.0,0
Image_0026.png,0.0,0
Image_0027.png,0.0,0
Image_0028.png,0.0,0
Image_0029.png,0.0,0
Image_0030.png,0.0,0
Image_0031.png,0.0,0
Image_0032.png,0.0,0
Image_0033.png,0.0,0
Image_0034.png,0.0,0
Image_0035.png,0.0,0
Image_0036.png,0.0,0
Image_0037.png,0.0,0
Image_0038.png,0.0,0
Image_0039.png,0.0,0
Image_0040.png,0.0,0
Image_0041.png,0.0,0
Image_0042.png,0.0,0
Image_0043.png,0.0,0
Image_0044.png,0.0,0
Image_0045.png,0.0,0
Image_0046.png,0.0,0
Image_0047.png,0.0,0
Image_0048.png,0.0,0
Image_0049.png,0.0,0
Image_0050.png,0.0,0
Image_0051.png,0.0,0
Image_0052.png,0.0,0
Image_0053.png,0.0,0
Image_0054.png,0.0,0
Image_0055.png,0.0,0
Image_0056.png,0.0,0
Image_0057.png,0.0,0
Image_0058.png,0.0,0
Image_0059.png,0.0,0
Image_0060.png,0.0,1
Image_0061.png,0.0,1
Image_0062.png,0.0,1
Image_0063.png,0.0,1
Image_0064.png,0.0,1
Image_0065.png,0.0,1
Image_0066.png,0.0,1
Image_0067.png,0.0,1
Image_0068.png,0.0,1
Image_0069.png,0.0,1
Image_0070.png,0.0,1
Image_0071.png,0.0,1
Image_0072.png,0.0,1
Image_0073.png,0.0,1
Image_0074.png,0.0,1
Image_0075.png,0.0,1
Image_0076.png,0.0,1
Image_0077.png,0.0,1
Image_0078.png,0.0,1
Image_0079.png,0.0,1
Image_0080.png,0.0,1
Image_0081.png,0.0,1
Image_0082.png,0.0,1
Image_0083.png,0.0,1
Image_0084.png,0.0,1
Image_0085.png,0.0,1
Image_0086.png,0.0,1
Image_0087.png,0.0,1
Image_0088.png,0.0,1
Image_0089.png,0.0,1
Image_0090.png,0.0,1
Image_0091.png,0.0,1
Image_0092.png,0.0,1
Image_0093.png,0.0,1
Image_0094.png,0.0,1
Image_0095.png,0.0,1
Image_0096.png,0.0,1
Image_0097.png,0.0,1
Image_0098.png,0.0,1
Image_0099.png,0.0,1
Image_0100.png,0.0,1
Image_0101.png,0.0,1
Image_0102.png,0.0,1
Image_0103.png,0.0,1
Image_0104.png,0.0,1
Image_0105.png,0.0,1
Image_0106.png,0.0,1
Image_0107.png,0.0,1
Image_0108.png,0.0,1
Image_0109.png,0.0,1
Image_0110.png,0.0,1
Image_0111.png,0.0,1
Image_0112.png,0.0,1
Image_0113.png,0.0,1
Image_0114.png,0.0,1
Image_0115.png,0.0,1
Image_0116.png,0.0,1
Image_0117.png,0.0,2
Image_0118.png,0.0,2
Image_0119.png,0.0,2
Image_0120.png,0.0,2
Image_0121.png,0.0,2
Image_0122.png,0.0,2
Image_0123.png,0.0,2
Image_0124.png,0.0,2
Image_0125.png,0.0,2
Image_0126.png,0.0,2
Image_0127.png,0.0,2
Image_0128.png,0.0,2
Image_0129.png,0.0,2
Image_0130.png,0.0,2
Image_0131.png,0.0,2
Image_0132.png,0.0,2
Image_0133.png,0.0,2
Image_0134.png,0.0,2
Image_0135.png,0.0,2
Image_0136.png,0.0,2
Image_0137.png,0.0,2
Image_0138.png,0.0,2
Image_0139.png,0.0,2
Image_0140.png,0.0,2
Image_0141.png,0.0,2
Image_0142.png,0.0,2
Image_0143.png,0.0,2
Image_0144.png,0.0,2
Image_0145.png,0.0,2
Image_0146.png,0.0,2
Image_0147.png,0.0,2
Image_0148.png,0.0,2
Image_0149.png,0.0,2
Image_0150.png,0.0,2
Image_0151.png,0.0,2
Image_0152.png,0.0,2
Image_0153.png,0.0,2
Image_0154.png,0.0,2
Image_0155.png,0.0,2
Image_0156.png,0.0,2
Image_0157.png,0.0,2
Image_0158.png,0.0,2
Image_0159.png,0.0,2
Image_0160.png,0.0,2
Image_0161.png,0.0,2
Image_0162.png,0.0,2
Image_0163.png,0.0,2
Image_0164.png,0.0,2
Image_0165.png,0.0,2
Image_0166.png,0.0,2
Image_0167.png,0.0,2
Image_0168.png,0.0,2
Image_0169.png,0.0,2
Image_0170.png,0.0,2
Image_0171.png,0.0,2
Image_0172.png,0.0,2
Image_0173.png,0.0,2
Image_0174.png,0.0,2
Image_0175.png,0.0,2
Image_0176.png,0.0,2
Image_0177.png,0.0,3
Image_0178.png,0.0,3
Image_0179.png,0.0,3
Image_0180.png,0.0,3
Image_0181.png,0.0,3
Image_0182.png,0.0,3
Image_0183.png,0.0,3
Image_0184.png,0.0,3
Image_0185.png,0.0,3
Image_0186.png,0.0,3
Image_0187.png,0.0,3
Image_0188.png,0.0,3
Image_0189.png,0.0,3
Image_0190.png,0.0,3
Image_0191.png,0.0,3
Image_0192.png,0.0,3
Image_0193.png,0.0,3
Image_0194.png,0.0,3
Image_0195.png,0.0,3
Image_0196.png,0.0,3
Image_0197.png,0.0,3
Image_0198.png,0.0,3
Image_0199.png,0.0,3
Image_0200.png,0.0,3
Image_0201.png,0.0,3
Image_0202.png,0.0,3
Image_0203.png,0.0,3
Image_0204.png,0.0,3
Image_0205.png,0.0,3
Image_0206.png,0.0,3
Image_0207.png,0.0,3
Image_0208.png,0.0,3
Image_0209.png,0.0,3
Image_0210.png,0.0,3
Image_0211.png,0.0,3
Image_0212.png,0.0,3
Image_0213.png,0.0,3
Image_0214.png,0.0,3
Image_0215.png,0.0,3
Image_0216.png,0.0,3
Image_0217.png,0.0,3
Image_0218.png,0.0,3
Image_0219.png,0.0,3
Image_0220.png,0.0,3
Image_0221.png,0.0,3
Image_0222.png,0.0,3
Image_0223.png,0.0,3
Image_0224.png,0.0,3
Image_0225.png,0.0,3
Image_0226.png,0.0,3
Image_0227.png,0.0,3
Image_0228.png,0.0,3
Image_0229.png,0.0,3
Image_0230.png,0.0,3
Image_0231.png,0.0,3
Image_0232.png,0.0,3
Image_0233.png,0.0,3
Image_0234.png,0.0,3
Image_0235.png,0.0,3
Image_0236.png,0.0,3
Image_0237.png,0.0,3
Image_0238.png,0.0,3
Image_0239.png,0.0,3
Image_0240.png,0.0,3
Image_0241.png,0.0,3
Image_0242.png,0.0,3
Image_0243.png,0.0,3
Image_0244.png,0.0,3
Image_0245.png,0.0,3
Image_0246.png,0.0,3
Image_0247.png,0.0,3
Image_0248.png,0.0,3
Image_0249.png,7.0,4
Image_0250.png,10.0,4
Image_0251.png,14.0,4
Image_0252.png,18.0,4
Image_0253.png,45.0,4
Image_0254.png,60.0,4
Image_0255.png,65.0,4
Image_0256.png,60.0,4
Image_0257.png,70.0,4
Image_0258.png,85.0,4
Image_0259.png,90.0,4
Image_0260.png,88.0,4
Image_0261.png,92.0,4
Image_0262.png,85.0,4
Image_0263.png,65.0,4
Image_0264.png,65.0,4
Image_0265.png,60.0,4
Image_0266.png,50.0,4
Image_0267.png,95.0,4
Image_0268.png,98.0,4
Image_0269.png,100.0,4
Image_0270.png,20.0,5
Image_0271.png,20.0,5
Image_0272.png,27.0,5
Image_0273.png,40.0,5
Image_0274.png,47.0,5
Image_0275.png,50.0,5
Image_0276.png,58.0,5
Image_0277.png,60.0,5
Image_0278.png,70.0,5
Image_0279.png,68.0,5
Image_0280.png,80.0,5
Image_0281.png,85.0,5
Image_0282.png,87.0,5
Image_0283.png,88.0,5
Image_0284.png,87.0,5
Image_0285.png,88.0,5
Image_0286.png,86.0,5
Image_0287.png,87.0,5
Image_0288.png,84.0,5
Image_0289.png,85.0,5
Image_0290.png,99.0,5
Image_0291.png,98.0,5
Image_0292.png,100.0,5
Image_0293.png,97.0,5
Image_0294.png,98.0,5
Image_0295.png,92.0,5
Image_0296.png,0.0,6
Image_0297.png,2.0,6
Image_0298.png,8.0,6
Image_0299.png,9.0,6
Image_0300.png,11.0,6
Image_0301.png,13.0,6
Image_0302.png,16.0,6
Image_0303.png,18.0,6
Image_0304.png,16.0,6
Image_0305.png,15.0,6
Image_0306.png,14.0,6
Image_0307.png,12.0,6
Image_0308.png,8.0,6
Image_0309.png,5.0,6
Image_0310.png,4.0,6
Image_0311.png,1.0,6
Image_0312.png,0.0,6
Image_0313.png,0.0,6
Image_0314.png,0.0,6
Image_0315.png,0.0,6
Image_0316.png,0.0,6
Image_0317.png,0.0,6
Image_0318.png,0.0,6
Image_0319.png,40.0,7
Image_0320.png,35.0,7
Image_0321.png,43.0,7
Image_0322.png,45.0,7
Image_0323.png,50.0,7
Image_0324.png,49.0,7
Image_0325.png,48.0,7
Image_0326.png,47.0,7
Image_0327.png,70.0,7
Image_0328.png,75.0,7
Image_0329.png,85.0,7
Image_0330.png,83.0,7
Image_0331.png,81.0,7
Image_0332.png,89.0,7
Image_0333.png,75.0,7
Image_0334.png,70.0,7
Image_0335.png,72.0,7
Image_0336.png,75.0,7
Image_0337.png,79.0,7
Image_0338.png,0.0,8
Image_0339.png,0.0,8
Image_0340.png,0.0,8
Image_0341.png,0.0,8
Image_0342.png,0.0,8
Image_0343.png,0.0,8
Image_0344.png,2.0,8
Image_0345.png,5.0,8
Image_0346.png,4.0,8
Image_0347.png,4.0,8
Image_0348.png,5.0,8
Image_0349.png,3.0,8
Image_0350.png,4.0,8
Image_0351.png,5.0,8
Image_0352.png,5.0,8
Image_0353.png,7.0,8
Image_0354.png,7.0,8
Image_0355.png,9.0,8
Image_0356.png,10.0,8
Image_0357.png,8.0,8
Image_0358.png,9.0,8
Image_0359.png,8.0,8
Image_0360.png,10.0,8
Image_0361.png,9.0,8
Image_0362.png,7.0,8
Image_0363.png,6.0,8
Image_0364.png,0.0,9
Image_0365.png,0.0,9
Image_0366.png,0.0,9
Image_0367.png,0.0,9
Image_0368.png,2.0,9
Image_0369.png,4.0,9
Image_0370.png,6.0,9
Image_0371.png,7.0,9
Image_0372.png,8.0,9
Image_0373.png,7.0,9
Image_0374.png,13.0,9
Image_0375.png,5.0,9
Image_0376.png,4.0,9
Image_0377.png,4.0,9
Image_0378.png,4.0,9
Image_0379.png,1.0,9
Image_0380.png,1.0,9
Image_0381.png,0.0,9
Image_0382.png,3.0,9
Image_0383.png,4.0,9
Image_0384.png,3.0,9
Image_0385.png,4.0,9
Image_0386.png,5.0,9
Image_0387.png,3.0,9
Image_0388.png,3.0,9
Image_0389.png,4.0,9
Image_0390.png,5.0,9
Image_0391.png,8.0,9
Image_0392.png,0.0,10
Image_0393.png,0.0,10
Image_0394.png,0.0,10
Image_0395.png,0.0,10
Image_0396.png,0.0,10
Image_0397.png,0.0,10
Image_0398.png,0.0,10
Image_0399.png,0.0,10
Image_0400.png,0.0,10
Image_0401.png,0.0,10
Image_0402.png,1.0,10
Image_0403.png,0.0,10
Image_0404.png,0.0,10
Image_0405.png,0.0,10
Image_0406.png,0.0,10
Image_0407.png,0.0,10
Image_0408.png,0.0,10
Image_0409.png,4.0,10
Image_0410.png,3.0,10
Image_0411.png,5.0,10
Image_0412.png,5.0,10
Image_0413.png,5.0,10
Image_0414.png,3.0,10
Image_0415.png,3.0,10
Image_0416.png,3.0,10
Image_0417.png,4.0,10
Image_0418.png,3.0,10
Image_0419.png,1.0,10
Image_0420.png,1.0,10
Image_0421.png,0.0,10
Image_0422.png,25.0,11
Image_0423.png,32.0,11
Image_0424.png,37.0,11
Image_0425.png,47.0,11
Image_0426.png,55.0,11
Image_0427.png,60.0,11
Image_0428.png,52.0,11
Image_0429.png,68.0,11
Image_0430.png,73.0,11
Image_0431.png,75.0,11
Image_0432.png,77.0,11
Image_0433.png,87.0,11
Image_0434.png,85.0,11
Image_0435.png,83.0,11
Image_0436.png,85.0,11
Image_0437.png,88.0,11
Image_0438.png,87.0,11
Image_0439.png,90.0,11
Image_0440.png,95.0,11
Image_0441.png,94.0,11
Image_0442.png,96.0,11
Image_0443.png,96.0,11
Image_0444.png,96.0,11
Image_0445.png,65.0,12
Image_0446.png,69.0,12
Image_0447.png,65.0,12
Image_0448.png,52.0,12
Image_0449.png,57.0,12
Image_0450.png,70.0,12
Image_0451.png,75.0,12
Image_0452.png,73.0,12
Image_0453.png,70.0,12
Image_0454.png,76.0,12
Image_0455.png,77.0,12
Image_0456.png,80.0,12
Image_0457.png,65.0,12
Image_0458.png,65.0,12
Image_0459.png,92.0,12
Image_0460.png,40.0,13
Image_0461.png,42.0,13
Image_0462.png,49.0,13
Image_0463.png,60.0,13
Image_0464.png,70.0,13
Image_0465.png,69.0,13
Image_0466.png,65.0,13
Image_0467.png,63.0,13
Image_0468.png,62.0,13
Image_0469.png,64.0,13
Image_0470.png,68.0,13
Image_0471.png,65.0,13
Image_0472.png,63.0,13
Image_0473.png,64.0,13
Image_0474.png,66.0,13
Image_0475.png,64.0,13
Image_0476.png,60.0,13
Image_0477.png,70.0,13
Image_0478.png,72.0,13
Image_0479.png,73.0,13
Image_0480.png,72.0,13
Image_0481.png,75.0,13
Image_0482.png,72.0,13
Image_0483.png,8.0,14
Image_0484.png,20.0,14
Image_0485.png,26.0,14
Image_0486.png,28.0,14
Image_0487.png,30.0,14
Image_0488.png,33.0,14
Image_0489.png,40.0,14
Image_0490.png,42.0,14
Image_0491.png,44.0,14
Image_0492.png,58.0,14
Image_0493.png,60.0,14
Image_0494.png,65.0,14
Image_0495.png,67.0,14
Image_0496.png,66.0,14
Image_0497.png,6.0,15
Image_0498.png,8.0,15
Image_0499.png,10.0,15
Image_0500.png,7.0,15
Image_0501.png,6.0,15
Image_0502.png,10.0,15
Image_0503.png,12.0,15
Image_0504.png,11.0,15
Image_0505.png,8.0,15
Image_0506.png,8.0,15
Image_0507.png,12.0,15
Image_0508.png,8.0,15
Image_0509.png,8.0,15
Image_0510.png,8.0,15
Image_0511.png,8.0,15
Image_0512.png,9.0,15
Image_0513.png,8.0,15
Image_0514.png,9.0,15
Image_0515.png,12.0,15
Image_0516.png,13.0,15
Image_0517.png,13.0,15
Image_0518.png,10.0,15
Image_0519.png,0.0,16
Image_0520.png,0.0,16
Image_0521.png,0.0,16
Image_0522.png,0.0,16
Image_0523.png,0.0,16
Image_0524.png,2.0,16
Image_0525.png,3.0,16
Image_0526.png,6.0,16
Image_0527.png,8.0,16
Image_0528.png,9.0,16
Image_0529.png,7.0,16
Image_0530.png,4.0,16
Image_0531.png,3.0,16
Image_0532.png,1.0,16
Image_0533.png,0.0,16
Image_0534.png,0.0,16
Image_0535.png,1.0,16
Image_0536.png,0.0,16
Image_0537.png,0.0,16
Image_0538.png,0.0,16
Image_0539.png,0.0,16
Image_0540.png,1.0,16
Image_0541.png,3.0,16
Image_0542.png,1.0,16
Image_0543.png,3.0,16
Image_0544.png,0.0,17
Image_0545.png,0.0,17
Image_0546.png,0.0,17
Image_0547.png,0.0,17
Image_0548.png,0.0,17
Image_0549.png,0.0,17
Image_0550.png,0.0,17
Image_0551.png,0.0,17
Image_0552.png,0.0,17
Image_0553.png,0.0,17
Image_0554.png,0.0,17
Image_0555.png,2.0,17
Image_0556.png,0.0,17
Image_0557.png,0.0,17
Image_0558.png,0.0,17
Image_0559.png,0.0,17
Image_0560.png,0.0,17
Image_0561.png,0.0,17
Image_0562.png,0.0,17
Image_0563.png,0.0,17
Image_0564.png,0.0,17
Image_0565.png,18.0,18
Image_0566.png,25.0,18
Image_0567.png,23.0,18
Image_0568.png,29.0,18
Image_0569.png,30.0,18
Image_0570.png,35.0,18
Image_0571.png,50.0,18
Image_0572.png,60.0,18
Image_0573.png,65.0,18
Image_0574.png,70.0,18
Image_0575.png,70.0,18
Image_0576.png,71.0,18
Image_0577.png,0.0,19
Image_0578.png,0.0,19
Image_0579.png,0.0,19
Image_0580.png,0.0,19
Image_0581.png,0.0,19
Image_0582.png,0.0,19
Image_0583.png,0.0,19
Image_0584.png,0.0,19
Image_0585.png,0.0,19
Image_0586.png,0.0,19
Image_0587.png,0.0,19
Image_0588.png,0.0,19
Image_0589.png,0.0,19
Image_0590.png,2.0,19
Image_0591.png,5.0,19
Image_0592.png,4.0,19
Image_0593.png,4.0,19
Image_0594.png,5.0,19
Image_0595.png,5.0,19
Image_0596.png,7.0,19
Image_0597.png,9.0,19
Image_0598.png,10.0,19
Image_0599.png,12.0,19
Image_0600.png,11.0,19
Image_0601.png,11.0,19
Image_0602.png,11.0,19
Image_0603.png,14.0,19
Image_0604.png,15.0,19
Image_0605.png,16.0,19
Image_0606.png,5.0,20
Image_0607.png,2.0,20
Image_0608.png,2.0,20
Image_0609.png,0.0,20
Image_0610.png,2.0,20
Image_0611.png,4.0,20
Image_0612.png,3.0,20
Image_0613.png,4.0,20
Image_0614.png,5.0,20
Image_0615.png,4.0,20
Image_0616.png,5.0,20
Image_0617.png,8.0,20
Image_0618.png,9.0,20
Image_0619.png,12.0,20
Image_0620.png,15.0,20
Image_0621.png,17.0,20
Image_0622.png,5.0,21
Image_0623.png,1.0,21
Image_0624.png,0.0,21
Image_0625.png,0.0,21
Image_0626.png,1.0,21
Image_0627.png,2.0,21
Image_0628.png,1.0,21
Image_0629.png,1.0,21
Image_0630.png,1.0,21
Image_0631.png,4.0,21
Image_0632.png,6.0,21
Image_0633.png,7.0,21
Image_0634.png,7.0,21
Image_0635.png,6.0,21
Image_0636.png,6.0,21
Image_0637.png,10.0,21
Image_0638.png,10.0,21
Image_0639.png,9.0,21
Image_0640.png,10.0,21
Image_0641.png,15.0,21
Image_0642.png,10.0,21
Image_0643.png,12.0,21
Image_0644.png,10.0,21
Image_0645.png,7.0,21
Image_0646.png,0.0,22
Image_0647.png,0.0,22
Image_0648.png,0.0,22
Image_0649.png,0.0,22
Image_0650.png,1.0,22
Image_0651.png,1.0,22
Image_0652.png,1.0,22
Image_0653.png,2.0,22
Image_0654.png,2.0,22
Image_0655.png,2.0,22
Image_0656.png,2.0,22
Image_0657.png,3.0,22
Image_0658.png,2.0,22
Image_0659.png,3.0,22
Image_0660.png,3.0,22
Image_0661.png,4.0,22
Image_0662.png,4.0,22
Image_0663.png,2.0,22
Image_0664.png,3.0,22
Image_0665.png,3.0,22
Image_0666.png,2.0,22
Image_0667.png,4.0,22
Image_0668.png,6.0,22
Image_0669.png,2.0,23
Image_0670.png,6.0,23
Image_0671.png,6.0,23
Image_0672.png,7.0,23
Image_0673.png,12.0,23
Image_0674.png,14.0,23
Image_0675.png,16.0,23
Image_0676.png,18.0,23
Image_0677.png,18.0,23
Image_0678.png,20.0,23
Image_0679.png,25.0,23
Image_0680.png,30.0,23
Image_0681.png,33.0,23
Image_0682.png,35.0,23
Image_0683.png,36.0,23
Image_0684.png,26.0,23
Image_0685.png,18.0,23
Image_0686.png,14.0,23
Image_0687.png,14.0,23
Image_0688.png,17.0,23
Image_0689.png,55.0,23
Image_0690.png,65.0,23
Image_0691.png,52.0,23
Image_0692.png,47.0,23
Image_0693.png,47.0,23
Image_0694.png,0.0,24
Image_0695.png,0.0,24
Image_0696.png,0.0,24
Image_0697.png,0.0,24
Image_0698.png,0.0,24
Image_0699.png,0.0,24
Image_0700.png,0.0,24
Image_0701.png,0.0,24
Image_0702.png,0.0,24
Image_0703.png,0.0,24
Image_0704.png,0.0,24
Image_0705.png,0.0,24
Image_0706.png,1.0,24
Image_0707.png,2.0,24
Image_0708.png,3.0,24
Image_0709.png,4.0,24
Image_0710.png,5.0,24
Image_0711.png,4.0,24
Image_0712.png,2.0,24
Image_0713.png,3.0,24
Image_0714.png,6.0,24
Image_0715.png,8.0,24
Image_0716.png,2.0,25
Image_0717.png,1.0,25
Image_0718.png,1.0,25
Image_0719.png,1.0,25
Image_0720.png,1.0,25
Image_0721.png,1.0,25
Image_0722.png,2.0,25
Image_0723.png,2.0,25
Image_0724.png,3.0,25
Image_0725.png,2.0,25
Image_0726.png,4.0,25
Image_0727.png,2.0,25
Image_0728.png,2.0,25
Image_0729.png,5.0,25
Image_0730.png,7.0,25
Image_0731.png,7.0,25
Image_0732.png,8.0,25
Image_0733.png,7.0,25
Image_0734.png,8.0,25
Image_0735.png,8.0,25
Image_0736.png,96.0,25
Image_0737.png,10.0,25
Image_0738.png,10.0,25
Image_0739.png,80.0,26
Image_0740.png,55.0,26
Image_0741.png,75.0,26
Image_0742.png,85.0,26
Image_0743.png,80.0,26
Image_0744.png,70.0,26
Image_0745.png,75.0,26
Image_0746.png,85.0,26
Image_0747.png,83.0,26
Image_0748.png,80.0,26
Image_0749.png,82.0,26
Image_0750.png,86.0,26
Image_0751.png,90.0,26
Image_0752.png,80.0,26
Image_0753.png,85.0,26
Image_0754.png,93.0,26
Image_0755.png,97.0,26
Image_0756.png,92.0,26
Image_0757.png,90.0,26
Image_0758.png,97.0,26
Image_0759.png,95.0,26
Image_0760.png,12.0,27
Image_0761.png,15.0,27
Image_0762.png,16.0,27
Image_0763.png,20.0,27
Image_0764.png,23.0,27
Image_0765.png,30.0,27
Image_0766.png,30.0,27
Image_0767.png,23.0,27
Image_0768.png,25.0,27
Image_0769.png,26.0,27
Image_0770.png,40.0,27
Image_0771.png,35.0,27
Image_0772.png,25.0,27
Image_0773.png,25.0,27
Image_0774.png,26.0,27
Image_0775.png,40.0,27
Image_0776.png,43.0,27
Image_0777.png,40.0,27
Image_0778.png,40.0,27
Image_0779.png,45.0,27
Image_0780.png,50.0,27
Image_0781.png,50.0,27
Image_0782.png,49.0,27
Image_0783.png,48.0,27
Image_0784.png,50.0,27
Image_0785.png,50.0,27
Image_0786.png,52.0,27
Image_0787.png,49.0,27
Image_0788.png,48.0,27
Image_0789.png,52.0,27
Image_0790.png,65.0,27
Image_0791.png,70.0,27
Image_0792.png,71.0,27
Image_0793.png,69.0,27
Image_0794.png,70.0,27
Image_0795.png,0.0,28
Image_0796.png,0.0,28
Image_0797.png,0.0,28
Image_0798.png,0.0,28
Image_0799.png,0.0,28
Image_0800.png,0.0,28
Image_0801.png,1.0,28
Image_0802.png,3.0,28
Image_0803.png,3.0,28
Image_0804.png,2.0,28
Image_0805.png,1.0,28
Image_0806.png,1.0,28
Image_0807.png,0.0,28
Image_0808.png,1.0,28
Image_0809.png,1.0,28
Image_0810.png,2.0,28
Image_0811.png,2.0,28
Image_0812.png,2.0,28
Image_0813.png,2.0,28
Image_0814.png,2.0,28
Image_0815.png,2.0,28
Image_0816.png,3.0,28
Image_0817.png,3.0,28
Image_0818.png,1.0,28
Image_0819.png,0.0,29
Image_0820.png,2.0,29
Image_0821.png,4.0,29
Image_0822.png,6.0,29
Image_0823.png,8.0,29
Image_0824.png,10.0,29
Image_0825.png,15.0,29
Image_0826.png,20.0,29
Image_0827.png,35.0,29
Image_0828.png,40.0,29
Image_0829.png,50.0,29
Image_0830.png,52.0,29
Image_0831.png,60.0,29
Image_0832.png,62.0,29
Image_0833.png,58.0,29
Image_0834.png,53.0,29
Image_0835.png,54.0,29
Image_0836.png,51.0,29
Image_0837.png,50.0,29
Image_0838.png,48.0,29
Image_0839.png,45.0,29
Image_0840.png,50.0,29
Image_0841.png,40.0,29
Image_0842.png,38.0,29
Image_0843.png,0.0,30
Image_0844.png,1.0,30
Image_0845.png,2.0,30
Image_0846.png,1.0,30
Image_0847.png,0.0,30
Image_0848.png,0.0,30
Image_0849.png,0.0,30
Image_0850.png,0.0,30
Image_0851.png,0.0,30
Image_0852.png,0.0,30
Image_0853.png,2.0,30
Image_0854.png,2.0,30
Image_0855.png,1.0,30
Image_0856.png,0.0,30
Image_0857.png,2.0,30
Image_0858.png,3.0,30
Image_0859.png,1.0,30
Image_0860.png,0.0,30
Image_0861.png,0.0,30
Image_0862.png,0.0,30
Image_0863.png,0.0,30
Image_0864.png,0.0,30
Image_0865.png,0.0,30
Image_0866.png,0.0,30
Image_0867.png,0.0,30
Image_0868.png,50.0,31
Image_0869.png,45.0,31
Image_0870.png,65.0,31
Image_0871.png,67.0,31
Image_0872.png,65.0,31
Image_0873.png,75.0,31
Image_0874.png,72.0,31
Image_0875.png,69.0,31
Image_0876.png,76.0,31
Image_0877.png,80.0,31
Image_0878.png,90.0,31
Image_0879.png,88.0,31
Image_0880.png,86.0,31
Image_0881.png,80.0,31
Image_0882.png,80.0,31
Image_0883.png,90.0,31
Image_0884.png,96.0,31
Image_0885.png,97.0,31
Image_0886.png,96.0,31
Image_0887.png,98.0,31
Image_0888.png,98.0,31
Image_0889.png,3.0,32
Image_0890.png,3.0,32
Image_0891.png,5.0,32
Image_0892.png,6.0,33
Image_0893.png,4.0,33
Image_0894.png,6.0,33
Image_0895.png,7.0,33
Image_0896.png,6.0,33
Image_0897.png,8.0,33
Image_0898.png,8.0,33
Image_0899.png,10.0,33
Image_0900.png,0.0,34
Image_0901.png,2.0,34
Image_0902.png,2.0,34
Image_0903.png,1.0,34
Image_0904.png,0.0,34
Image_0905.png,0.0,34
Image_0906.png,1.0,34
Image_0907.png,2.0,34
Image_0908.png,3.0,34
Image_0909.png,4.0,34
Image_0910.png,4.0,34
Image_0911.png,4.0,34
Image_0912.png,3.0,35
Image_0913.png,3.0,35
Image_0914.png,7.0,35
Image_0915.png,8.0,35
Image_0916.png,13.0,35
Image_0917.png,18.0,35
Image_0918.png,18.0,35
Image_0919.png,15.0,35
Image_0920.png,31.0,36
Image_0921.png,36.0,36
Image_0922.png,38.0,36
Image_0923.png,40.0,36
Image_0924.png,41.0,36
Image_0925.png,41.0,36
Image_0926.png,40.0,36
Image_0927.png,42.0,36
Image_0928.png,44.0,36
Image_0929.png,45.0,36
Image_0930.png,47.0,36
Image_0931.png,47.0,36
Image_0932.png,47.0,36
Image_0933.png,47.0,36
Image_0934.png,48.0,36
Image_0935.png,48.0,36
Image_0936.png,42.0,36
Image_0937.png,40.0,36
Image_0938.png,39.0,36
Image_0939.png,39.0,36
Image_0940.png,48.0,36
Image_0941.png,53.0,36
Image_0942.png,56.0,36
Image_0943.png,54.0,36
Image_0944.png,56.0,36
Image_0945.png,0.0,37
Image_0946.png,0.0,37
Image_0947.png,0.0,37
Image_0948.png,1.0,37
Image_0949.png,1.0,37
Image_0950.png,2.0,37
Image_0951.png,2.0,37
Image_0952.png,3.0,37
Image_0953.png,5.0,37
Image_0954.png,7.0,37
Image_0955.png,8.0,37
Image_0956.png,9.0,37
Image_0957.png,8.0,37
Image_0958.png,7.0,37
Image_0959.png,10.0,37
Image_0960.png,9.0,37
Image_0961.png,8.0,37
Image_0962.png,7.0,37
Image_0963.png,12.0,37
Image_0964.png,14.0,37
Image_0965.png,17.0,37
Image_0966.png,18.0,37
Image_0967.png,20.0,37
Image_0968.png,20.0,37
Image_0969.png,21.0,37
Image_0970.png,35.0,38
Image_0971.png,33.0,38
Image_0972.png,35.0,38
Image_0973.png,34.0,38
Image_0974.png,50.0,38
Image_0975.png,60.0,38
Image_0976.png,64.0,38
Image_0977.png,67.0,38
Image_0978.png,70.0,38
Image_0979.png,75.0,38
Image_0980.png,90.0,38
Image_0981.png,93.0,38
Image_0982.png,92.0,38
Image_0983.png,90.0,38
Image_0984.png,82.0,38
Image_0985.png,90.0,38
Image_0986.png,85.0,38
Image_0987.png,81.0,38
Image_0988.png,80.0,38
Image_0989.png,83.0,38
Image_0990.png,85.0,38
Image_0991.png,84.0,38
Image_0992.png,82.0,38
Image_0993.png,0.0,39
Image_0994.png,0.0,39
Image_0995.png,0.0,39
Image_0996.png,0.0,39
Image_0997.png,0.0,39
Image_0998.png,0.0,39
Image_0999.png,0.0,39
Image_1000.png,0.0,39
Image_1001.png,0.0,39
Image_1002.png,0.0,39
Image_1003.png,2.0,39
Image_1004.png,2.0,39
Image_1005.png,1.0,39
Image_1006.png,3.0,39
Image_1007.png,5.0,39
Image_1008.png,6.0,39
Image_1009.png,7.0,39
Image_1010.png,7.0,39
Image_1011.png,6.0,39
Image_1012.png,6.0,39
Image_1013.png,7.0,39
Image_1014.png,10.0,39
Image_1015.png,0.0,40
Image_1016.png,0.0,40
Image_1017.png,0.0,40
Image_1018.png,0.0,40
Image_1019.png,0.0,40
Image_1020.png,0.0,40
Image_1021.png,0.0,40
Image_1022.png,0.0,40
Image_1023.png,0.0,40
Image_1024.png,0.0,40
Image_1025.png,0.0,40
Image_1026.png,0.0,40
Image_1027.png,0.0,40
Image_1028.png,0.0,40
Image_1029.png,0.0,40
Image_1030.png,4.0,40
Image_1031.png,5.0,40
Image_1032.png,6.0,40
Image_1033.png,6.0,40
Image_1034.png,5.0,40
Image_1035.png,5.0,40
Image_1036.png,5.0,40
Image_1037.png,5.0,40
Image_1038.png,8.0,40
Image_1039.png,12.0,40
Image_1040.png,18.0,40
Image_1041.png,3.0,41
Image_1042.png,1.0,41
Image_1043.png,3.0,41
Image_1044.png,4.0,41
Image_1045.png,5.0,41
Image_1046.png,5.0,41
Image_1047.png,6.0,41
Image_1048.png,5.0,41
Image_1049.png,2.0,41
Image_1050.png,3.0,41
Image_1051.png,2.0,41
Image_1052.png,1.0,41
Image_1053.png,2.0,41
Image_1054.png,3.0,41
Image_1055.png,5.0,41
Image_1056.png,6.0,41
Image_1057.png,8.0,41
Image_1058.png,10.0,41
Image_1059.png,11.0,41
Image_1060.png,16.0,41
Image_1061.png,17.0,41
Image_1062.png,18.0,41
Image_1063.png,19.0,41
Image_1064.png,20.0,41
Image_1065.png,20.0,41
Image_1066.png,22.0,41
Image_1067.png,23.0,41
Image_1068.png,23.0,41
Image_1069.png,23.0,41
Image_1070.png,21.0,41
Image_1071.png,21.0,41
Image_1072.png,20.0,41
Image_1073.png,3.0,42
Image_1074.png,4.0,42
Image_1075.png,18.0,43
Image_1076.png,21.0,43
Image_1077.png,28.0,43
Image_1078.png,31.0,43
Image_1079.png,35.0,43
Image_1080.png,36.0,43
Image_1081.png,34.0,43
Image_1082.png,33.0,43
Image_1083.png,26.0,43
Image_1084.png,17.0,43
Image_1085.png,18.0,43
Image_1086.png,20.0,43
Image_1087.png,22.0,43
Image_1088.png,23.0,43
Image_1089.png,30.0,43
Image_1090.png,60.0,43
Image_1091.png,80.0,43
Image_1092.png,90.0,43
Image_1093.png,93.0,43
Image_1094.png,0.0,44
Image_1095.png,0.0,44
Image_1096.png,0.0,44
Image_1097.png,2.0,44
Image_1098.png,2.0,44
Image_1099.png,0.0,44
Image_1100.png,1.0,44
Image_1101.png,3.0,44
Image_1102.png,1.0,44
Image_1103.png,4.0,44
Image_1104.png,6.0,44
Image_1105.png,6.0,44
Image_1106.png,7.0,44
Image_1107.png,5.0,44
Image_1108.png,5.0,44
Image_1109.png,4.0,45
Image_1110.png,2.0,45
Image_1111.png,1.0,45
Image_1112.png,0.0,45
Image_1113.png,0.0,45
Image_1114.png,0.0,45
Image_1115.png,1.0,45
Image_1116.png,2.0,45
Image_1117.png,3.0,45
Image_1118.png,4.0,45
Image_1119.png,5.0,45
Image_1120.png,6.0,45
Image_1121.png,6.0,45
Image_1122.png,6.0,45
Image_1123.png,7.0,45
Image_1124.png,7.0,45
Image_1125.png,8.0,45
Image_1126.png,9.0,45
Image_1127.png,10.0,45
Image_1128.png,12.0,45
Image_1129.png,13.0,45
Image_1130.png,15.0,45
Image_1131.png,15.0,45
Image_1132.png,16.0,45
Image_1133.png,17.0,45
Image_1134.png,15.0,45
Image_1135.png,13.0,45
Image_1136.png,12.0,45
Image_1137.png,0.0,46
Image_1138.png,0.0,46
Image_1139.png,0.0,46
Image_1140.png,0.0,46
Image_1141.png,0.0,46
Image_1142.png,0.0,46
Image_1143.png,0.0,46
Image_1144.png,2.0,46
Image_1145.png,2.0,46
Image_1146.png,0.0,46
Image_1147.png,0.0,46
Image_1148.png,1.0,46
Image_1149.png,2.0,46
Image_1150.png,1.0,46
Image_1151.png,4.0,46
Image_1152.png,4.0,46
Image_1153.png,1.0,46
Image_1154.png,2.0,46
Image_1155.png,4.0,46
Image_1156.png,3.0,46
Image_1157.png,3.0,46
Image_1158.png,6.0,46
Image_1159.png,8.0,46
Image_1160.png,7.0,46
Image_1161.png,7.0,46
Image_1162.png,7.0,46
Image_1163.png,8.0,46
Image_1164.png,35.0,47
Image_1165.png,33.0,47
Image_1166.png,27.0,47
Image_1167.png,19.0,47
Image_1168.png,13.0,47
Image_1169.png,17.0,47
Image_1170.png,16.0,47
Image_1171.png,8.0,47
Image_1172.png,20.0,47
Image_1173.png,21.0,47
Image_1174.png,24.0,47
Image_1175.png,26.0,47
Image_1176.png,32.0,47
Image_1177.png,28.0,47
Image_1178.png,40.0,47
Image_1179.png,25.0,47
Image_1180.png,26.0,47
Image_1181.png,23.0,47
Image_1182.png,22.0,47
Image_1183.png,30.0,47
Image_1184.png,18.0,47
Image_1185.png,20.0,47
Image_1186.png,25.0,47
Image_1187.png,24.0,47
Image_1188.png,2.0,48
Image_1189.png,3.0,48
Image_1190.png,7.0,48
Image_1191.png,10.0,48
Image_1192.png,15.0,48
Image_1193.png,18.0,48
Image_1194.png,0.0,49
Image_1195.png,0.0,49
Image_1196.png,1.0,49
Image_1197.png,0.0,49
Image_1198.png,0.0,49
Image_1199.png,0.0,49
Image_1200.png,0.0,49
Image_1201.png,0.0,49
Image_1202.png,0.0,49
Image_1203.png,0.0,49
Image_1204.png,0.0,49
Image_1205.png,0.0,49
Image_1206.png,0.0,49
Image_1207.png,0.0,49
Image_1208.png,0.0,49
Image_1209.png,0.0,49
Image_1210.png,25.0,49
Image_1211.png,0.0,49
Image_1212.png,0.0,49
Image_1213.png,2.0,49
Image_1214.png,4.0,49
Image_1215.png,7.0,49
Image_1216.png,7.0,49
Image_1217.png,8.0,49
Image_1218.png,9.0,49
Image_1219.png,6.0,49
Image_1220.png,8.0,49
Image_1221.png,9.0,49
Image_1222.png,9.0,49
Image_1223.png,10.0,49
Image_1224.png,12.0,49
Image_1225.png,15.0,49
Image_1226.png,3.0,50
Image_1227.png,1.0,50
Image_1228.png,0.0,50
Image_1229.png,0.0,50
Image_1230.png,0.0,50
Image_1231.png,2.0,50
Image_1232.png,3.0,50
Image_1233.png,2.0,50
Image_1234.png,2.0,50
Image_1235.png,3.0,50
Image_1236.png,4.0,50
Image_1237.png,5.0,50
Image_1238.png,5.0,50
Image_1239.png,5.0,50
Image_1240.png,6.0,50
Image_1241.png,5.0,50
Image_1242.png,5.0,50
Image_1243.png,5.0,50
Image_1244.png,4.0,50
Image_1245.png,4.0,50
Image_1246.png,0.0,51
Image_1247.png,0.0,51
Image_1248.png,0.0,51
Image_1249.png,0.0,51
Image_1250.png,0.0,51
Image_1251.png,0.0,51
Image_1252.png,0.0,51
Image_1253.png,0.0,51
Image_1254.png,0.0,51
Image_1255.png,0.0,51
Image_1256.png,0.0,51
Image_1257.png,0.0,51
Image_1258.png,0.0,51
Image_1259.png,0.0,51
Image_1260.png,0.0,51
Image_1261.png,0.0,51
Image_1262.png,0.0,51
Image_1263.png,0.0,51
Image_1264.png,1.0,51
Image_1265.png,0.0,51
Image_1266.png,0.0,51
Image_1267.png,0.0,51
Image_1268.png,0.0,51
Image_1269.png,0.0,51
Image_1270.png,6.0,52
Image_1271.png,5.0,52
Image_1272.png,5.0,52
Image_1273.png,8.0,52
Image_1274.png,10.0,52
Image_1275.png,10.0,52
Image_1276.png,11.0,52
Image_1277.png,11.0,52
Image_1278.png,8.0,52
Image_1279.png,6.0,52
Image_1280.png,7.0,52
Image_1281.png,5.0,52
Image_1282.png,5.0,52
Image_1283.png,4.0,52
Image_1284.png,5.0,52
Image_1285.png,4.0,52
Image_1286.png,4.0,52
Image_1287.png,3.0,52
Image_1288.png,2.0,52
Image_1289.png,1.0,52
Image_1290.png,0.0,52
Image_1291.png,2.0,52
Image_1292.png,1.0,52
Image_1293.png,3.0,53
Image_1294.png,3.0,53
Image_1295.png,0.0,53
Image_1296.png,0.0,53
Image_1297.png,0.0,53
Image_1298.png,0.0,53
Image_1299.png,0.0,53
Image_1300.png,4.0,53
Image_1301.png,5.0,53
Image_1302.png,8.0,53
Image_1303.png,10.0,53
Image_1304.png,3.0,53
Image_1305.png,2.0,53
Image_1306.png,7.0,53
Image_1307.png,8.0,53
Image_1308.png,6.0,53
Image_1309.png,6.0,53
Image_1310.png,4.0,53
Image_1311.png,15.0,54
Image_1312.png,5.0,54
Image_1313.png,4.0,54
Image_1314.png,2.0,54
Image_1315.png,3.0,54
Image_1316.png,2.0,54
Image_1317.png,0.0,54
Image_1318.png,1.0,54
Image_1319.png,2.0,54
Image_1320.png,3.0,54
Image_1321.png,4.0,54
Image_1322.png,2.0,54
Image_1323.png,2.0,54
Image_1324.png,3.0,54
Image_1325.png,4.0,54
Image_1326.png,4.0,54
Image_1327.png,2.0,54
Image_1328.png,1.0,54
Image_1329.png,4.0,54
Image_1330.png,7.0,54
Image_1331.png,10.0,54
Image_1332.png,7.0,54
Image_1333.png,8.0,54
Image_1334.png,10.0,54
Image_1335.png,16.0,54
Image_1336.png,15.0,54
Image_1337.png,16.0,54
Image_1338.png,22.0,54
Image_1339.png,0.0,55
Image_1340.png,0.0,55
Image_1341.png,0.0,55
Image_1342.png,0.0,55
Image_1343.png,0.0,55
Image_1344.png,0.0,55
Image_1345.png,2.0,55
Image_1346.png,3.0,55
Image_1347.png,5.0,55
Image_1348.png,8.0,55
Image_1349.png,10.0,55
Image_1350.png,10.0,55
Image_1351.png,12.0,55
Image_1352.png,14.0,55
Image_1353.png,14.0,55
Image_1354.png,15.0,55
Image_1355.png,25.0,55
Image_1356.png,20.0,55
Image_1357.png,25.0,55
Image_1358.png,0.0,56
Image_1359.png,0.0,56
Image_1360.png,0.0,56
Image_1361.png,0.0,56
Image_1362.png,0.0,56
Image_1363.png,0.0,56
Image_1364.png,0.0,56
Image_1365.png,3.0,56
Image_1366.png,8.0,56
Image_1367.png,12.0,56
Image_1368.png,12.0,56
Image_1369.png,11.0,56
Image_1370.png,15.0,56
Image_1371.png,16.0,56
Image_1372.png,18.0,56
Image_1373.png,20.0,56
Image_1374.png,23.0,56
Image_1375.png,24.0,56
Image_1376.png,23.0,56
Image_1377.png,23.0,56
Image_1378.png,20.0,56
Image_1379.png,12.0,56
Image_1380.png,12.0,56
Image_1381.png,9.0,56
Image_1382.png,2.0,57
Image_1383.png,3.0,57
Image_1384.png,8.0,57
Image_1385.png,10.0,57
Image_1386.png,4.0,57
Image_1387.png,5.0,57
Image_1388.png,3.0,57
Image_1389.png,2.0,57
Image_1390.png,1.0,57
Image_1391.png,1.0,57
Image_1392.png,3.0,57
Image_1393.png,5.0,57
Image_1394.png,5.0,57
Image_1395.png,6.0,57
Image_1396.png,3.0,57
Image_1397.png,3.0,57
Image_1398.png,3.0,57
Image_1399.png,5.0,57
Image_1400.png,6.0,57
Image_1401.png,7.0,57
Image_1402.png,15.0,58
Image_1403.png,5.0,58
Image_1404.png,3.0,58
Image_1405.png,2.0,58
Image_1406.png,6.0,58
Image_1407.png,7.0,58
Image_1408.png,8.0,58
Image_1409.png,5.0,58
Image_1410.png,3.0,58
Image_1411.png,4.0,58
Image_1412.png,4.0,58
Image_1413.png,2.0,58
Image_1414.png,2.0,58
Image_1415.png,1.0,58
Image_1416.png,2.0,58
Image_1417.png,1.0,58
Image_1418.png,2.0,58
Image_1419.png,2.0,58
Image_1420.png,3.0,58
Image_1421.png,2.0,58
Image_1422.png,1.0,58
Image_1423.png,3.0,58
Image_1424.png,0.0,59
Image_1425.png,0.0,59
Image_1426.png,0.0,59
Image_1427.png,0.0,59
Image_1428.png,0.0,59
Image_1429.png,0.0,59
Image_1430.png,3.0,59
Image_1431.png,4.0,59
Image_1432.png,2.0,59
Image_1433.png,0.0,59
Image_1434.png,0.0,59
Image_1435.png,0.0,59
Image_1436.png,0.0,59
Image_1437.png,0.0,59
Image_1438.png,0.0,59
Image_1439.png,0.0,59
Image_1440.png,0.0,59
Image_1441.png,2.0,59
Image_1442.png,2.0,59
Image_1443.png,1.0,59
Image_1444.png,3.0,59
Image_1445.png,30.0,60
Image_1446.png,40.0,60
Image_1447.png,37.0,60
Image_1448.png,28.0,60
Image_1449.png,35.0,60
Image_1450.png,39.0,60
Image_1451.png,41.0,60
Image_1452.png,40.0,60
Image_1453.png,43.0,60
Image_1454.png,44.0,60
Image_1455.png,58.0,60
Image_1456.png,52.0,60
Image_1457.png,65.0,60
Image_1458.png,60.0,60
Image_1459.png,55.0,60
Image_1460.png,45.0,60
Image_1461.png,25.0,61
Image_1462.png,12.0,61
Image_1463.png,8.0,61
Image_1464.png,3.0,61
Image_1465.png,5.0,61
Image_1466.png,8.0,61
Image_1467.png,7.0,61
Image_1468.png,12.0,61
Image_1469.png,20.0,61
Image_1470.png,22.0,61
Image_1471.png,24.0,61
Image_1472.png,25.0,61
Image_1473.png,30.0,61
Image_1474.png,32.0,61
Image_1475.png,40.0,61
Image_1476.png,45.0,61
Image_1477.png,43.0,61
Image_1478.png,42.0,61
Image_1479.png,35.0,61
Image_1480.png,40.0,61
Image_1481.png,47.0,61
Image_1482.png,40.0,61
Image_1483.png,35.0,61
Image_1484.png,33.0,61
Image_1485.png,40.0,61
Image_1486.png,50.0,61
Image_1487.png,52.0,61
Image_1488.png,70.0,61
Image_1489.png,72.0,61
Image_1490.png,68.0,61
Image_1491.png,55.0,61
Image_1492.png,70.0,61
Image_1493.png,0.0,62
Image_1494.png,0.0,62
Image_1495.png,0.0,62
Image_1496.png,1.0,62
Image_1497.png,1.0,62
Image_1498.png,1.0,62
Image_1499.png,3.0,62
Image_1500.png,8.0,62
Image_1501.png,10.0,62
Image_1502.png,13.0,62
Image_1503.png,16.0,62
Image_1504.png,19.0,62
Image_1505.png,22.0,62
Image_1506.png,22.0,62
Image_1507.png,20.0,62
Image_1508.png,17.0,62
Image_1509.png,16.0,62
Image_1510.png,16.0,62
Image_1511.png,0.0,63
Image_1512.png,0.0,63
Image_1513.png,0.0,63
Image_1514.png,0.0,63
Image_1515.png,1.0,63
Image_1516.png,1.0,63
Image_1517.png,1.0,63
Image_1518.png,1.0,63
Image_1519.png,0.0,63
Image_1520.png,0.0,63
Image_1521.png,0.0,63
Image_1522.png,2.0,63
Image_1523.png,2.0,63
Image_1524.png,5.0,63
Image_1525.png,5.0,63
Image_1526.png,5.0,63
Image_1527.png,6.0,63
Image_1528.png,8.0,63
Image_1529.png,7.0,63
Image_1530.png,10.0,63
Image_1531.png,11.0,63
Image_1532.png,11.0,63
Image_1533.png,12.0,63
Image_1534.png,7.0,64
Image_1535.png,6.0,64
Image_1536.png,6.0,64
Image_1537.png,8.0,64
Image_1538.png,8.0,64
Image_1539.png,8.0,64
Image_1540.png,9.0,64
Image_1541.png,8.0,64
Image_1542.png,2.0,64
Image_1543.png,0.0,64
Image_1544.png,4.0,64
Image_1545.png,5.0,64
Image_1546.png,6.0,64
Image_1547.png,6.0,64
Image_1548.png,12.0,64
Image_1549.png,14.0,64
Image_1550.png,12.0,64
Image_1551.png,14.0,64
Image_1552.png,23.0,64
Image_1553.png,30.0,64
Image_1554.png,26.0,64
Image_1555.png,26.0,64
Image_1556.png,27.0,64
Image_1557.png,35.0,64
Image_1558.png,40.0,64
Image_1559.png,50.0,64
Image_1560.png,55.0,64
Image_1561.png,57.0,64
Image_1562.png,65.0,64
Image_1563.png,65.0,64
Image_1564.png,55.0,64
Image_1565.png,43.0,65
Image_1566.png,16.0,65
Image_1567.png,7.0,65
Image_1568.png,12.0,65
Image_1569.png,10.0,65
Image_1570.png,9.0,65
Image_1571.png,5.0,65
Image_1572.png,6.0,65
Image_1573.png,5.0,65
Image_1574.png,3.0,65
Image_1575.png,2.0,65
Image_1576.png,1.0,65
Image_1577.png,6.0,65
Image_1578.png,4.0,65
Image_1579.png,2.0,65
Image_1580.png,1.0,65
Image_1581.png,1.0,65
Image_1582.png,2.0,65
Image_1583.png,3.0,65
Image_1584.png,3.0,65
Image_1585.png,3.0,65
Image_1586.png,5.0,65
Image_1587.png,6.0,65
Image_1588.png,5.0,65
Image_1589.png,6.0,65
Image_1590.png,4.0,65
Image_1591.png,3.0,65
Image_1592.png,3.0,65
Image_1593.png,6.0,65
Image_1594.png,4.0,65
Image_1595.png,4.0,65
Image_1596.png,4.0,65
Image_1597.png,3.0,65
Image_1598.png,2.0,65
Image_1599.png,0.0,65
Image_1600.png,0.0,65
Image_1601.png,0.0,65
Image_1602.png,0.0,65
Image_1603.png,2.0,65
Image_1604.png,0.0,65
Image_1605.png,1.0,65
Image_1606.png,1.0,65
Image_1607.png,3.0,65
Image_1608.png,7.0,66
Image_1609.png,9.0,66
Image_1610.png,18.0,66
Image_1611.png,19.0,66
Image_1612.png,23.0,66
Image_1613.png,24.0,66
Image_1614.png,25.0,66
Image_1615.png,26.0,66
Image_1616.png,27.0,66
Image_1617.png,27.0,66
Image_1618.png,30.0,66
Image_1619.png,10.0,67
Image_1620.png,9.0,67
Image_1621.png,7.0,67
Image_1622.png,6.0,67
Image_1623.png,8.0,67
Image_1624.png,10.0,67
Image_1625.png,12.0,67
Image_1626.png,19.0,67
Image_1627.png,17.0,67
Image_1628.png,13.0,67
Image_1629.png,18.0,67
Image_1630.png,20.0,67
Image_1631.png,25.0,67
Image_1632.png,20.0,67
Image_1633.png,12.0,67
Image_1634.png,11.0,67
Image_1635.png,9.0,67
Image_1636.png,5.0,67
Image_1637.png,3.0,67
Image_1638.png,2.0,67
Image_1639.png,0.0,67
Image_1640.png,0.0,67
Image_1641.png,0.0,67
Image_1642.png,5.0,67
Image_1643.png,6.0,67
Image_1644.png,7.0,67
Image_1645.png,6.0,67
Image_1646.png,5.0,67
Image_1647.png,4.0,67
Image_1648.png,3.0,67
Image_1649.png,2.0,67
Image_1650.png,0.0,68
Image_1651.png,2.0,68
Image_1652.png,3.0,68
Image_1653.png,3.0,68
Image_1654.png,1.0,68
Image_1655.png,0.0,68
Image_1656.png,1.0,68
Image_1657.png,1.0,68
Image_1658.png,2.0,68
Image_1659.png,0.0,68
Image_1660.png,0.0,68
Image_1661.png,2.0,68
Image_1662.png,4.0,68
Image_1663.png,2.0,68
Image_1664.png,4.0,68
Image_1665.png,6.0,68
Image_1666.png,8.0,68
Image_1667.png,9.0,68
Image_1668.png,8.0,68
Image_1669.png,10.0,68
Image_1670.png,12.0,68
Image_1671.png,12.0,68
Image_1672.png,13.0,68
Image_1673.png,14.0,68
Image_1674.png,14.0,68
Image_1675.png,3.0,69
Image_1676.png,6.0,69
Image_1677.png,7.0,69
Image_1678.png,12.0,69
Image_1679.png,15.0,69
Image_1680.png,20.0,69
Image_1681.png,8.0,69
Image_1682.png,6.0,69
Image_1683.png,5.0,69
Image_1684.png,6.0,69
Image_1685.png,7.0,69
Image_1686.png,5.0,69
Image_1687.png,4.0,69
Image_1688.png,14.0,69
Image_1689.png,16.0,69
Image_1690.png,0.0,70
Image_1691.png,0.0,70
Image_1692.png,0.0,70
Image_1693.png,0.0,70
Image_1694.png,0.0,70
Image_1695.png,0.0,70
Image_1696.png,5.0,70
Image_1697.png,3.0,70
Image_1698.png,3.0,70
Image_1699.png,0.0,70
Image_1700.png,0.0,70
Image_1701.png,0.0,70
Image_1702.png,3.0,70
Image_1703.png,6.0,70
Image_1704.png,15.0,70
Image_1705.png,15.0,70
Image_1706.png,16.0,70
Image_1707.png,6.0,70
Image_1708.png,5.0,70
Image_1709.png,4.0,70
Image_1710.png,10.0,70
Image_1711.png,0.0,71
Image_1712.png,6.0,71
Image_1713.png,7.0,71
Image_1714.png,6.0,71
Image_1715.png,5.0,71
Image_1716.png,9.0,71
Image_1717.png,27.0,71
Image_1718.png,32.0,71
Image_1719.png,34.0,71
Image_1720.png,35.0,71
Image_1721.png,40.0,71
Image_1722.png,48.0,71
Image_1723.png,52.0,71
Image_1724.png,52.0,71
Image_1725.png,54.0,71
Image_1726.png,80.0,71
Image_1727.png,85.0,71
Image_1728.png,70.0,71
Image_1729.png,65.0,71
Image_1730.png,60.0,71
Image_1731.png,95.0,71
Image_1732.png,96.0,71
Image_1733.png,5.0,72
Image_1734.png,4.0,72
Image_1735.png,3.0,72
Image_1736.png,4.0,72
Image_1737.png,3.0,72
Image_1738.png,6.0,72
Image_1739.png,7.0,72
Image_1740.png,8.0,72
Image_1741.png,9.0,72
Image_1742.png,8.0,72
Image_1743.png,10.0,72
Image_1744.png,12.0,72
Image_1745.png,15.0,72
Image_1746.png,17.0,72
Image_1747.png,19.0,72
Image_1748.png,20.0,72
Image_1749.png,18.0,72
Image_1750.png,18.0,72
Image_1751.png,20.0,72
Image_1752.png,23.0,72
Image_1753.png,24.0,72
Image_1754.png,24.0,72
Image_1755.png,20.0,72
Image_1756.png,30.0,72
Image_1757.png,0.0,73
Image_1758.png,3.0,73
Image_1759.png,2.0,73
Image_1760.png,3.0,73
Image_1761.png,2.0,73
Image_1762.png,4.0,73
Image_1763.png,2.0,73
Image_1764.png,5.0,73
Image_1765.png,13.0,73
Image_1766.png,7.0,73
Image_1767.png,10.0,73
Image_1768.png,6.0,73
Image_1769.png,3.0,73
Image_1770.png,2.0,73
Image_1771.png,4.0,73
Image_1772.png,6.0,73
Image_1773.png,6.0,73
Image_1774.png,9.0,73
Image_1775.png,9.0,73
Image_1776.png,8.0,73
Image_1777.png,5.0,73
Image_1778.png,5.0,73
Image_1779.png,4.0,73
Image_1780.png,2.0,74
Image_1781.png,4.0,74
Image_1782.png,7.0,74
Image_1783.png,9.0,74
Image_1784.png,17.0,74
Image_1785.png,20.0,74
Image_1786.png,20.0,74
Image_1787.png,17.0,74
Image_1788.png,23.0,74
Image_1789.png,18.0,74
Image_1790.png,25.0,74
Image_1791.png,21.0,74
Image_1792.png,16.0,74
Image_1793.png,14.0,74
Image_1794.png,11.0,74
Image_1795.png,9.0,74
Image_1796.png,13.0,74
Image_1797.png,15.0,74
Image_1798.png,8.0,74
Image_1799.png,10.0,74
Image_1800.png,10.0,74
Image_1801.png,8.0,74
Image_1802.png,15.0,75
Image_1803.png,12.0,75
Image_1804.png,15.0,75
Image_1805.png,10.0,75
Image_1806.png,15.0,75
Image_1807.png,16.0,75
Image_1808.png,16.0,75
Image_1809.png,18.0,75
Image_1810.png,25.0,75
Image_1811.png,35.0,75
Image_1812.png,40.0,75
Image_1813.png,30.0,75
Image_1814.png,35.0,75
Image_1815.png,40.0,75
Image_1816.png,60.0,75
Image_1817.png,70.0,75
Image_1818.png,80.0,75
Image_1819.png,80.0,75
Image_1820.png,85.0,75
Image_1821.png,3.0,76
Image_1822.png,4.0,76
Image_1823.png,5.0,76
Image_1824.png,6.0,76
Image_1825.png,7.0,76
Image_1826.png,9.0,76
Image_1827.png,12.0,76
Image_1828.png,12.0,76
Image_1829.png,18.0,76
Image_1830.png,19.0,76
Image_1831.png,20.0,76
Image_1832.png,20.0,76
Image_1833.png,20.0,76
Image_1834.png,20.0,76
Image_1835.png,20.0,76
Image_1836.png,20.0,76
Image_1837.png,21.0,76
Image_1838.png,22.0,76
Image_1839.png,22.0,76
Image_1840.png,19.0,76
Image_1841.png,22.0,76
Image_1842.png,24.0,76
Image_1843.png,27.0,76
Image_1844.png,38.0,76
Image_1845.png,47.0,76
Image_1846.png,48.0,76
Image_1847.png,45.0,76
Image_1848.png,46.0,76
Image_1849.png,45.0,76
Image_1850.png,49.0,76
Image_1851.png,57.0,76
Image_1852.png,0.0,77
Image_1853.png,0.0,77
Image_1854.png,2.0,77
Image_1855.png,1.0,77
Image_1856.png,4.0,77
Image_1857.png,5.0,77
Image_1858.png,4.0,77
Image_1859.png,4.0,77
Image_1860.png,5.0,77
Image_1861.png,6.0,77
Image_1862.png,5.0,77
Image_1863.png,3.0,77
Image_1864.png,2.0,77
Image_1865.png,1.0,77
Image_1866.png,4.0,77
Image_1867.png,6.0,77
Image_1868.png,0.0,78
Image_1869.png,0.0,78
Image_1870.png,0.0,78
Image_1871.png,0.0,78
Image_1872.png,0.0,78
Image_1873.png,0.0,78
Image_1874.png,0.0,78
Image_1875.png,0.0,78
Image_1876.png,0.0,78
Image_1877.png,0.0,78
Image_1878.png,0.0,78
Image_1879.png,0.0,78
Image_1880.png,0.0,78
Image_1881.png,0.0,78
Image_1882.png,1.0,78
Image_1883.png,2.0,78
Image_1884.png,3.0,78
Image_1885.png,3.0,78
Image_1886.png,4.0,78
Image_1887.png,6.0,78
Image_1888.png,6.0,78
Image_1889.png,4.0,78
Image_1890.png,5.0,78
Image_1891.png,4.0,78
Image_1892.png,4.0,78
Image_1893.png,4.0,78
Image_1894.png,5.0,78
Image_1895.png,8.0,78
Image_1896.png,5.0,78
Image_1897.png,15.0,79
Image_1898.png,28.0,79
Image_1899.png,37.0,79
Image_1900.png,35.0,79
Image_1901.png,46.0,80
Image_1902.png,42.0,80
Image_1903.png,55.0,80
Image_1904.png,65.0,80
Image_1905.png,83.0,80
Image_1906.png,89.0,80
Image_1907.png,91.0,80
Image_1908.png,91.0,80
Image_1909.png,92.0,80
Image_1910.png,92.0,80
Image_1911.png,91.0,80
Image_1912.png,94.0,80
Image_1913.png,97.0,80
Image_1914.png,98.0,80
Image_1915.png,97.0,80
Image_1916.png,98.0,80
Image_1917.png,96.0,80
Image_1918.png,97.0,80
Image_1919.png,95.0,80
Image_1920.png,93.0,80
Image_1921.png,92.0,80
Image_1922.png,91.0,80
Image_1923.png,94.0,80
Image_1924.png,18.0,81
Image_1925.png,17.0,81
Image_1926.png,36.0,81
Image_1927.png,40.0,81
Image_1928.png,48.0,81
Image_1929.png,53.0,81
Image_1930.png,53.0,81
Image_1931.png,65.0,81
Image_1932.png,70.0,81
Image_1933.png,80.0,81
Image_1934.png,78.0,81
Image_1935.png,75.0,81
Image_1936.png,78.0,81
Image_1937.png,86.0,81
Image_1938.png,92.0,81
Image_1939.png,94.0,81
Image_1940.png,96.0,81
Image_1941.png,97.0,81
Image_1942.png,99.0,81
Image_1943.png,98.0,81
Image_1944.png,99.0,81
Image_1945.png,98.0,81
Image_1946.png,99.0,81
Image_1947.png,99.0,81
Image_1948.png,98.0,81
Image_1949.png,98.0,81
Image_1950.png,97.0,81
Image_1951.png,50.0,82
Image_1952.png,45.0,82
Image_1953.png,41.0,82
Image_1954.png,39.0,82
Image_1955.png,40.0,82
Image_1956.png,40.0,82
Image_1957.png,45.0,82
Image_1958.png,65.0,82
Image_1959.png,70.0,82
Image_1960.png,68.0,82
Image_1961.png,67.0,82
Image_1962.png,65.0,82
Image_1963.png,84.0,82
Image_1964.png,83.0,82
Image_1965.png,79.0,82
Image_1966.png,79.0,82
Image_1967.png,75.0,82
Image_1968.png,78.0,82
Image_1969.png,78.0,82
Image_1970.png,86.0,82
Image_1971.png,88.0,82
Image_1972.png,92.0,82
Image_1973.png,96.0,82
Image_1974.png,98.0,82
Image_1975.png,7.0,83
Image_1976.png,7.0,83
Image_1977.png,8.0,83
Image_1978.png,11.0,83
Image_1979.png,13.0,83
Image_1980.png,10.0,83
Image_1981.png,12.0,83
Image_1982.png,20.0,83
Image_1983.png,32.0,83
Image_1984.png,34.0,83
Image_1985.png,35.0,83
Image_1986.png,37.0,83
Image_1987.png,40.0,83
Image_1988.png,43.0,83
Image_1989.png,65.0,83
Image_1990.png,45.0,83
Image_1991.png,0.0,84
Image_1992.png,0.0,84
Image_1993.png,0.0,84
Image_1994.png,3.0,84
Image_1995.png,1.0,84
Image_1996.png,2.0,84
Image_1997.png,2.0,84
Image_1998.png,3.0,84
Image_1999.png,3.0,84
Image_2000.png,5.0,84
Image_2001.png,7.0,84
Image_2002.png,10.0,84
Image_2003.png,12.0,84
Image_2004.png,17.0,84
Image_2005.png,20.0,84
Image_2006.png,25.0,84
Image_2007.png,28.0,84
Image_2008.png,32.0,84
Image_2009.png,39.0,84
Image_2010.png,40.0,84
Image_2011.png,43.0,84
Image_2012.png,47.0,84
Image_2013.png,28.0,85
Image_2014.png,35.0,85
Image_2015.png,45.0,85
Image_2016.png,40.0,85
Image_2017.png,38.0,85
Image_2018.png,42.0,85
Image_2019.png,48.0,85
Image_2020.png,55.0,85
Image_2021.png,45.0,85
Image_2022.png,4.0,86
Image_2023.png,0.0,86
Image_2024.png,0.0,86
Image_2025.png,0.0,86
Image_2026.png,0.0,86
Image_2027.png,1.0,86
Image_2028.png,6.0,86
Image_2029.png,8.0,86
Image_2030.png,7.0,86
Image_2031.png,4.0,86
Image_2032.png,3.0,86
Image_2033.png,3.0,86
Image_2034.png,3.0,86
Image_2035.png,2.0,86
Image_2036.png,1.0,86
Image_2037.png,5.0,86
Image_2038.png,7.0,86
Image_2039.png,4.0,86
Image_2040.png,7.0,86
Image_2041.png,7.0,86
Image_2042.png,8.0,86
Image_2043.png,8.0,86
Image_2044.png,9.0,86
Image_2045.png,13.0,86
Image_2046.png,16.0,86
Image_2047.png,4.0,87
Image_2048.png,4.0,87
Image_2049.png,6.0,87
Image_2050.png,7.0,87
Image_2051.png,8.0,87
Image_2052.png,11.0,87
Image_2053.png,13.0,87
Image_2054.png,20.0,87
Image_2055.png,23.0,87
Image_2056.png,25.0,87
Image_2057.png,26.0,87
Image_2058.png,32.0,87
Image_2059.png,35.0,87
Image_2060.png,39.0,87
Image_2061.png,38.0,87
Image_2062.png,27.0,87
Image_2063.png,24.0,87
Image_2064.png,26.0,87
Image_2065.png,24.0,87
Image_2066.png,21.0,87
Image_2067.png,20.0,87
Image_2068.png,20.0,87
Image_2069.png,16.0,87
Image_2070.png,14.0,87
Image_2071.png,11.0,87
Image_2072.png,18.0,88
Image_2073.png,15.0,88
Image_2074.png,9.0,88
Image_2075.png,6.0,88
Image_2076.png,3.0,88
Image_2077.png,2.0,88
Image_2078.png,0.0,88
Image_2079.png,0.0,88
Image_2080.png,0.0,88
Image_2081.png,1.0,88
Image_2082.png,3.0,88
Image_2083.png,5.0,88
Image_2084.png,5.0,89
Image_2085.png,6.0,89
Image_2086.png,5.0,89
Image_2087.png,11.0,89
Image_2088.png,16.0,89
Image_2089.png,36.0,89
Image_2090.png,40.0,89
Image_2091.png,46.0,89
Image_2092.png,48.0,89
Image_2093.png,54.0,89
Image_2094.png,58.0,89
Image_2095.png,57.0,89
Image_2096.png,54.0,89
Image_2097.png,48.0,89
Image_2098.png,50.0,89
Image_2099.png,68.0,89
Image_2100.png,70.0,89
Image_2101.png,70.0,89
Image_2102.png,68.0,89
Image_2103.png,69.0,89
Image_2104.png,75.0,89
Image_2105.png,71.0,89
Image_2106.png,73.0,89
Image_2107.png,71.0,89
Image_2108.png,76.0,89
Image_2109.png,2.0,90
Image_2110.png,3.0,90
Image_2111.png,2.0,90
Image_2112.png,2.0,90
Image_2113.png,4.0,90
Image_2114.png,4.0,90
Image_2115.png,7.0,90
Image_2116.png,7.0,90
Image_2117.png,8.0,90
Image_2118.png,6.0,90
Image_2119.png,4.0,90
Image_2120.png,4.0,90
Image_2121.png,9.0,90
Image_2122.png,10.0,90
Image_2123.png,7.0,90
Image_2124.png,6.0,90
Image_2125.png,0.0,91
Image_2126.png,0.0,91
Image_2127.png,0.0,91
Image_2128.png,0.0,91
Image_2129.png,0.0,91
Image_2130.png,0.0,91
Image_2131.png,0.0,91
Image_2132.png,0.0,91
Image_2133.png,0.0,91
Image_2134.png,0.0,91
Image_2135.png,0.0,91
Image_2136.png,0.0,91
Image_2137.png,1.0,91
Image_2138.png,2.0,91
Image_2139.png,2.0,91
Image_2140.png,2.0,91
Image_2141.png,2.0,91
Image_2142.png,1.0,91
Image_2143.png,1.0,91
Image_2144.png,1.0,91
Image_2145.png,1.0,91
Image_2146.png,1.0,91
Image_2147.png,0.0,91
Image_2148.png,0.0,91
Image_2149.png,0.0,91
Image_2150.png,0.0,91
Image_2151.png,0.0,91
Image_2152.png,0.0,92
Image_2153.png,0.0,92
Image_2154.png,0.0,92
Image_2155.png,0.0,92
Image_2156.png,0.0,92
Image_2157.png,0.0,92
Image_2158.png,0.0,92
Image_2159.png,0.0,92
Image_2160.png,0.0,92
Image_2161.png,0.0,92
Image_2162.png,0.0,92
Image_2163.png,0.0,92
Image_2164.png,0.0,92
Image_2165.png,0.0,92
Image_2166.png,0.0,92
Image_2167.png,0.0,92
Image_2168.png,0.0,92
Image_2169.png,0.0,92
Image_2170.png,2.0,92
Image_2171.png,4.0,92
Image_2172.png,6.0,92
Image_2173.png,7.0,92
Image_2174.png,8.0,92
Image_2175.png,7.0,92
Image_2176.png,7.0,92
Image_2177.png,5.0,92
Image_2178.png,0.0,93
Image_2179.png,0.0,93
Image_2180.png,0.0,93
Image_2181.png,0.0,93
Image_2182.png,0.0,93
Image_2183.png,1.0,93
Image_2184.png,1.0,93
Image_2185.png,1.0,93
Image_2186.png,2.0,93
Image_2187.png,2.0,93
Image_2188.png,4.0,93
Image_2189.png,3.0,93
Image_2190.png,2.0,93
Image_2191.png,3.0,93
Image_2192.png,4.0,93
Image_2193.png,7.0,93
Image_2194.png,8.0,93
Image_2195.png,8.0,93
Image_2196.png,9.0,93
Image_2197.png,8.0,93
Image_2198.png,9.0,93
Image_2199.png,9.0,93
Image_2200.png,10.0,93
Image_2201.png,9.0,93
Image_2202.png,8.0,93
Image_2203.png,9.0,93
Image_2204.png,10.0,93
Image_2205.png,9.0,93
Image_2206.png,7.0,93
Image_2207.png,0.0,94
Image_2208.png,0.0,94
Image_2209.png,0.0,94
Image_2210.png,2.0,94
Image_2211.png,4.0,94
Image_2212.png,12.0,94
Image_2213.png,23.0,94
Image_2214.png,25.0,94
Image_2215.png,27.0,94
Image_2216.png,27.0,94
Image_2217.png,28.0,94
Image_2218.png,22.0,94
Image_2219.png,24.0,94
Image_2220.png,22.0,94
Image_2221.png,28.0,94
Image_2222.png,26.0,94
Image_2223.png,25.0,94
Image_2224.png,26.0,94
Image_2225.png,28.0,94
Image_2226.png,30.0,94
Image_2227.png,28.0,94
Image_2228.png,26.0,94
Image_2229.png,25.0,94
Image_2230.png,25.0,94
Image_2231.png,26.0,94
Image_2232.png,27.0,94
Image_2233.png,40.0,94
Image_2234.png,37.0,94
Image_2235.png,38.0,94
Image_2236.png,37.0,94
Image_2237.png,36.0,94
Image_2238.png,0.0,95
Image_2239.png,0.0,95
Image_2240.png,0.0,95
Image_2241.png,0.0,95
Image_2242.png,0.0,95
Image_2243.png,1.0,95
Image_2244.png,0.0,95
Image_2245.png,0.0,95
Image_2246.png,1.0,95
Image_2247.png,3.0,95
Image_2248.png,5.0,95
Image_2249.png,7.0,95
Image_2250.png,6.0,95
Image_2251.png,6.0,95
Image_2252.png,5.0,95
Image_2253.png,3.0,95
Image_2254.png,2.0,95
Image_2255.png,1.0,95
Image_2256.png,2.0,95
Image_2257.png,3.0,95
Image_2258.png,1.0,95
Image_2259.png,1.0,95
Image_2260.png,2.0,95
Image_2261.png,3.0,95
Image_2262.png,2.0,96
Image_2263.png,3.0,96
Image_2264.png,2.0,96
Image_2265.png,1.0,96
Image_2266.png,2.0,96
Image_2267.png,4.0,96
Image_2268.png,2.0,96
Image_2269.png,2.0,96
Image_2270.png,1.0,96
Image_2271.png,3.0,96
Image_2272.png,2.0,96
Image_2273.png,3.0,96
Image_2274.png,4.0,96
Image_2275.png,4.0,96
Image_2276.png,4.0,96
Image_2277.png,5.0,96
Image_2278.png,6.0,96
Image_2279.png,6.0,96
Image_2280.png,3.0,96
Image_2281.png,5.0,96
Image_2282.png,6.0,96
Image_2283.png,8.0,96
Image_2284.png,10.0,96
Image_2285.png,8.0,96
Image_2286.png,9.0,96
Image_2287.png,6.0,96
Image_2288.png,7.0,96
Image_2289.png,10.0,96
Image_2290.png,86.0,97
Image_2291.png,69.0,97
Image_2292.png,83.0,97
Image_2293.png,87.0,97
Image_2294.png,83.0,97
Image_2295.png,88.0,97
Image_2296.png,91.0,97
Image_2297.png,90.0,97
Image_2298.png,91.0,97
Image_2299.png,90.0,97
Image_2300.png,89.0,97
Image_2301.png,85.0,97
Image_2302.png,80.0,97
Image_2303.png,79.0,97
Image_2304.png,75.0,97
Image_2305.png,77.0,97
Image_2306.png,76.0,97
Image_2307.png,73.0,97
Image_2308.png,75.0,97
Image_2309.png,70.0,97
Image_2310.png,68.0,97
Image_2311.png,85.0,97
Image_2312.png,87.0,97
Image_2313.png,89.0,97
Image_2314.png,91.0,97
Image_2315.png,93.0,97
Image_2316.png,96.0,97
Image_2317.png,97.0,97
Image_2318.png,98.0,97
Image_2319.png,97.0,97
Image_2320.png,18.0,98
Image_2321.png,20.0,98
Image_2322.png,16.0,98
Image_2323.png,19.0,98
Image_2324.png,22.0,98
Image_2325.png,22.0,98
Image_2326.png,24.0,98
Image_2327.png,26.0,98
Image_2328.png,28.0,98
Image_2329.png,31.0,98
Image_2330.png,40.0,98
Image_2331.png,44.0,98
Image_2332.png,42.0,98
Image_2333.png,42.0,98
Image_2334.png,35.0,98
Image_2335.png,32.0,98
Image_2336.png,32.0,98
Image_2337.png,30.0,98
Image_2338.png,22.0,98
Image_2339.png,22.0,98
Image_2340.png,21.0,98
Image_2341.png,20.0,98
Image_2342.png,20.0,98
Image_2343.png,8.0,99
Image_2344.png,16.0,99
Image_2345.png,12.0,99
Image_2346.png,25.0,99
Image_2347.png,29.0,99
Image_2348.png,37.0,99
Image_2349.png,47.0,99
Image_2350.png,52.0,99
Image_2351.png,56.0,99
Image_2352.png,61.0,99
Image_2353.png,60.0,99
Image_2354.png,58.0,99
Image_2355.png,53.0,99
Image_2356.png,55.0,99
Image_2357.png,68.0,99
Image_2358.png,60.0,99
Image_2359.png,65.0,99
Image_2360.png,66.0,99
Image_2361.png,70.0,99
Image_2362.png,69.0,99
Image_2363.png,68.0,99
Image_2364.png,6.0,100
Image_2365.png,9.0,100
Image_2366.png,10.0,100
Image_2367.png,8.0,100
Image_2368.png,5.0,100
Image_2369.png,5.0,100
Image_2370.png,3.0,100
Image_2371.png,2.0,100
Image_2372.png,3.0,100
Image_2373.png,5.0,100
Image_2374.png,3.0,100
Image_2375.png,2.0,100
Image_2376.png,4.0,100
Image_2377.png,4.0,100
Image_2378.png,6.0,100
Image_2379.png,7.0,100
Image_2380.png,8.0,100
Image_2381.png,9.0,100
Image_2382.png,9.0,100
Image_2383.png,12.0,100
Image_2384.png,35.0,100
Image_2385.png,50.0,100
Image_2386.png,50.0,100
Image_2387.png,53.0,100
Image_2388.png,23.0,101
Image_2389.png,20.0,101
Image_2390.png,20.0,101
Image_2391.png,20.0,101
Image_2392.png,18.0,101
Image_2393.png,20.0,101
Image_2394.png,20.0,101
Image_2395.png,16.0,101
Image_2396.png,17.0,101
Image_2397.png,16.0,101
Image_2398.png,16.0,101
Image_2399.png,15.0,101
Image_2400.png,17.0,101
Image_2401.png,23.0,101
Image_2402.png,36.0,101
Image_2403.png,25.0,101
Image_2404.png,24.0,101
Image_2405.png,23.0,101
Image_2406.png,23.0,101
Image_2407.png,26.0,101
Image_2408.png,2.0,102
Image_2409.png,0.0,102
Image_2410.png,0.0,102
Image_2411.png,0.0,102
Image_2412.png,2.0,102
Image_2413.png,3.0,102
Image_2414.png,2.0,102
Image_2415.png,1.0,102
Image_2416.png,1.0,102
Image_2417.png,2.0,102
Image_2418.png,4.0,102
Image_2419.png,6.0,102
Image_2420.png,6.0,102
Image_2421.png,7.0,102
Image_2422.png,7.0,102
Image_2423.png,9.0,102
Image_2424.png,8.0,102
Image_2425.png,7.0,102
Image_2426.png,6.0,102
Image_2427.png,6.0,102
Image_2428.png,9.0,102
Image_2429.png,9.0,102
Image_2430.png,9.0,102
Image_2431.png,11.0,102
Image_2432.png,13.0,102
Image_2433.png,0.0,103
Image_2434.png,0.0,103
Image_2435.png,0.0,103
Image_2436.png,1.0,103
Image_2437.png,2.0,103
Image_2438.png,3.0,103
Image_2439.png,3.0,103
Image_2440.png,2.0,103
Image_2441.png,2.0,103
Image_2442.png,2.0,103
Image_2443.png,1.0,103
Image_2444.png,2.0,103
Image_2445.png,2.0,103
Image_2446.png,3.0,103
Image_2447.png,4.0,103
Image_2448.png,6.0,103
Image_2449.png,8.0,103
Image_2450.png,10.0,103
Image_2451.png,11.0,103
Image_2452.png,11.0,103
Image_2453.png,12.0,103
Image_2454.png,11.0,103
Image_2455.png,15.0,103
Image_2456.png,17.0,103
Image_2457.png,23.0,103
Image_2458.png,23.0,103
Image_2459.png,43.0,104
Image_2460.png,45.0,104
Image_2461.png,42.0,104
Image_2462.png,43.0,104
Image_2463.png,44.0,104
Image_2464.png,48.0,104
Image_2465.png,68.0,104
Image_2466.png,73.0,104
Image_2467.png,75.0,104
Image_2468.png,65.0,104
Image_2469.png,55.0,104
Image_2470.png,70.0,104
Image_2471.png,75.0,104
Image_2472.png,78.0,104
Image_2473.png,75.0,104
Image_2474.png,57.0,104
Image_2475.png,75.0,104
Image_2476.png,55.0,104
Image_2477.png,73.0,104
Image_2478.png,75.0,104
Image_2479.png,75.0,104
Image_2480.png,80.0,104
Image_2481.png,80.0,104
Image_2482.png,0.0,105
Image_2483.png,0.0,105
Image_2484.png,0.0,105
Image_2485.png,0.0,105
Image_2486.png,0.0,105
Image_2487.png,0.0,105
Image_2488.png,0.0,105
Image_2489.png,0.0,105
Image_2490.png,0.0,105
Image_2491.png,0.0,105
Image_2492.png,0.0,105
Image_2493.png,0.0,105
Image_2494.png,0.0,105
Image_2495.png,0.0,105
Image_2496.png,0.0,105
Image_2497.png,0.0,105
Image_2498.png,0.0,105
Image_2499.png,0.0,105
Image_2500.png,0.0,105
Image_2501.png,2.0,105
Image_2502.png,3.0,105
Image_2503.png,4.0,105
Image_2504.png,4.0,105
Image_2505.png,4.0,105
Image_2506.png,5.0,105
Image_2507.png,3.0,105
Image_2508.png,3.0,105
Image_2509.png,4.0,105
Image_2510.png,5.0,105
Image_2511.png,6.0,105
Image_2512.png,7.0,105
Image_2513.png,8.0,105
Image_2514.png,8.0,105
Image_2515.png,23.0,106
Image_2516.png,35.0,106
Image_2517.png,36.0,106
Image_2518.png,34.0,106
Image_2519.png,30.0,106
Image_2520.png,26.0,106
Image_2521.png,29.0,106
Image_2522.png,35.0,106
Image_2523.png,33.0,106
Image_2524.png,34.0,106
Image_2525.png,35.0,106
Image_2526.png,36.0,106
Image_2527.png,36.0,106
Image_2528.png,45.0,106
Image_2529.png,43.0,106
Image_2530.png,43.0,106
Image_2531.png,43.0,106
Image_2532.png,46.0,106
Image_2533.png,45.0,106
Image_2534.png,45.0,106
Image_2535.png,48.0,106
Image_2536.png,52.0,106
Image_2537.png,52.0,106
Image_2538.png,60.0,106
Image_2539.png,0.0,107
Image_2540.png,2.0,107
Image_2541.png,2.0,107
Image_2542.png,1.0,107
Image_2543.png,1.0,107
Image_2544.png,2.0,107
Image_2545.png,4.0,107
Image_2546.png,4.0,107
Image_2547.png,2.0,107
Image_2548.png,1.0,107
Image_2549.png,1.0,107
Image_2550.png,1.0,107
Image_2551.png,2.0,107
Image_2552.png,3.0,107
Image_2553.png,5.0,107
Image_2554.png,8.0,107
Image_2555.png,11.0,107
Image_2556.png,20.0,107
Image_2557.png,23.0,107
Image_2558.png,24.0,107
Image_2559.png,24.0,107
Image_2560.png,20.0,107
Image_2561.png,15.0,107
Image_2562.png,10.0,107
Image_2563.png,12.0,107
Image_2564.png,17.0,107
Image_2565.png,11.0,107
Image_2566.png,8.0,107
Image_2567.png,7.0,107
Image_2568.png,5.0,107
Image_2569.png,3.0,107
Image_2570.png,3.0,107
Image_2571.png,1.0,107
Image_2572.png,1.0,107
Image_2573.png,17.0,108
Image_2574.png,9.0,108
Image_2575.png,8.0,108
Image_2576.png,9.0,108
Image_2577.png,9.0,108
Image_2578.png,8.0,108
Image_2579.png,12.0,108
Image_2580.png,16.0,108
Image_2581.png,21.0,108
Image_2582.png,25.0,108
Image_2583.png,24.0,108
Image_2584.png,30.0,108
Image_2585.png,28.0,108
Image_2586.png,28.0,108
Image_2587.png,25.0,108
Image_2588.png,24.0,108
Image_2589.png,30.0,108
Image_2590.png,35.0,108
Image_2591.png,32.0,108
Image_2592.png,30.0,108
Image_2593.png,28.0,108
Image_2594.png,29.0,108
Image_2595.png,25.0,108
Image_2596.png,25.0,108
Image_2597.png,27.0,108
Image_2598.png,32.0,108
Image_2599.png,32.0,108
Image_2600.png,27.0,108
Image_2601.png,39.0,108
Image_2602.png,50.0,108
Image_2603.png,60.0,108
Image_2604.png,2.0,109
Image_2605.png,1.0,109
Image_2606.png,1.0,109
Image_2607.png,0.0,109
Image_2608.png,1.0,109
Image_2609.png,0.0,109
Image_2610.png,0.0,109
Image_2611.png,0.0,109
Image_2612.png,2.0,109
Image_2613.png,2.0,109
Image_2614.png,5.0,109
Image_2615.png,3.0,109
Image_2616.png,4.0,109
Image_2617.png,5.0,109
Image_2618.png,12.0,109
Image_2619.png,8.0,109
Image_2620.png,6.0,109
Image_2621.png,6.0,109
Image_2622.png,0.0,110
Image_2623.png,0.0,110
Image_2624.png,2.0,110
Image_2625.png,4.0,110
Image_2626.png,3.0,110
Image_2627.png,4.0,110
Image_2628.png,5.0,110
Image_2629.png,4.0,110
Image_2630.png,5.0,110
Image_2631.png,4.0,110
Image_2632.png,3.0,110
Image_2633.png,3.0,110
Image_2634.png,3.0,110
Image_2635.png,3.0,110
Image_2636.png,3.0,110
Image_2637.png,2.0,110
Image_2638.png,2.0,110
Image_2639.png,4.0,110
Image_2640.png,6.0,110
Image_2641.png,6.0,110
Image_2642.png,5.0,110
Image_2643.png,6.0,110
Image_2644.png,7.0,110
Image_2645.png,7.0,110
Image_2646.png,6.0,110
Image_2647.png,7.0,110
Image_2648.png,8.0,110
Image_2649.png,7.0,110
Image_2650.png,5.0,110
Image_2651.png,3.0,110
Image_2652.png,0.0,111
Image_2653.png,1.0,111
Image_2654.png,0.0,111
Image_2655.png,1.0,111
Image_2656.png,0.0,111
Image_2657.png,0.0,111
Image_2658.png,1.0,111
Image_2659.png,1.0,111
Image_2660.png,1.0,111
Image_2661.png,1.0,111
Image_2662.png,2.0,111
Image_2663.png,1.0,111
Image_2664.png,0.0,111
Image_2665.png,1.0,111
Image_2666.png,1.0,111
Image_2667.png,1.0,111
Image_2668.png,3.0,111
Image_2669.png,3.0,111
Image_2670.png,1.0,111
Image_2671.png,0.0,111
Image_2672.png,0.0,111
Image_2673.png,0.0,111
Image_2674.png,2.0,111
Image_2675.png,3.0,111
Image_2676.png,3.0,111
Image_2677.png,2.0,111
Image_2678.png,1.0,111
Image_2679.png,1.0,111
Image_2680.png,1.0,111
Image_2681.png,1.0,111
Image_2682.png,0.0,111
Image_2683.png,0.0,111
Image_2684.png,9.0,112
Image_2685.png,8.0,112
Image_2686.png,7.0,112
Image_2687.png,6.0,112
Image_2688.png,4.0,112
Image_2689.png,4.0,112
Image_2690.png,5.0,112
Image_2691.png,3.0,112
Image_2692.png,5.0,112
Image_2693.png,4.0,112
Image_2694.png,6.0,112
Image_2695.png,6.0,112
Image_2696.png,8.0,112
Image_2697.png,8.0,112
Image_2698.png,11.0,112
Image_2699.png,14.0,112
Image_2700.png,15.0,112
Image_2701.png,17.0,112
Image_2702.png,20.0,112
Image_2703.png,17.0,112
Image_2704.png,16.0,112
Image_2705.png,15.0,112
Image_2706.png,20.0,112
Image_2707.png,22.0,112
Image_2708.png,0.0,113
Image_2709.png,0.0,113
Image_2710.png,0.0,113
Image_2711.png,1.0,113
Image_2712.png,0.0,113
Image_2713.png,0.0,113
Image_2714.png,1.0,113
Image_2715.png,3.0,113
Image_2716.png,3.0,113
Image_2717.png,3.0,113
Image_2718.png,2.0,113
Image_2719.png,1.0,113
Image_2720.png,0.0,113
Image_2721.png,0.0,113
Image_2722.png,5.0,113
Image_2723.png,4.0,113
Image_2724.png,0.0,113
Image_2725.png,0.0,113
Image_2726.png,8.0,113
Image_2727.png,85.0,114
Image_2728.png,80.0,114
Image_2729.png,86.0,114
Image_2730.png,90.0,114
Image_2731.png,97.0,114
Image_2732.png,90.0,114
Image_2733.png,86.0,114
Image_2734.png,84.0,114
Image_2735.png,79.0,114
Image_2736.png,75.0,114
Image_2737.png,75.0,114
Image_2738.png,68.0,114
Image_2739.png,53.0,114
Image_2740.png,52.0,114
Image_2741.png,52.0,114
Image_2742.png,49.0,114
Image_2743.png,60.0,114
Image_2744.png,0.0,115
Image_2745.png,0.0,115
Image_2746.png,0.0,115
Image_2747.png,0.0,115
Image_2748.png,1.0,115
Image_2749.png,1.0,115
Image_2750.png,0.0,115
Image_2751.png,1.0,115
Image_2752.png,2.0,115
Image_2753.png,2.0,115
Image_2754.png,1.0,115
Image_2755.png,0.0,115
Image_2756.png,1.0,115
Image_2757.png,1.0,115
Image_2758.png,0.0,115
Image_2759.png,0.0,115
Image_2760.png,2.0,115
Image_2761.png,2.0,115
Image_2762.png,3.0,115
Image_2763.png,3.0,115
Image_2764.png,3.0,115
Image_2765.png,3.0,115
Image_2766.png,8.0,116
Image_2767.png,9.0,116
Image_2768.png,12.0,116
Image_2769.png,14.0,116
Image_2770.png,17.0,116
Image_2771.png,18.0,116
Image_2772.png,20.0,116
Image_2773.png,23.0,116
Image_2774.png,25.0,116
Image_2775.png,30.0,116
Image_2776.png,31.0,116
Image_2777.png,33.0,116
Image_2778.png,31.0,116
Image_2779.png,30.0,116
Image_2780.png,31.0,116
Image_2781.png,33.0,116
Image_2782.png,40.0,116
Image_2783.png,43.0,116
Image_2784.png,42.0,116
Image_2785.png,36.0,116
Image_2786.png,36.0,116
Image_2787.png,33.0,116
Image_2788.png,5.0,117
Image_2789.png,2.0,117
Image_2790.png,0.0,117
Image_2791.png,0.0,117
Image_2792.png,0.0,117
Image_2793.png,2.0,117
Image_2794.png,3.0,117
Image_2795.png,3.0,117
Image_2796.png,3.0,117
Image_2797.png,2.0,117
Image_2798.png,1.0,117
Image_2799.png,1.0,117
Image_2800.png,1.0,117
Image_2801.png,2.0,117
Image_2802.png,4.0,117
Image_2803.png,5.0,117
Image_2804.png,9.0,117
Image_2805.png,10.0,117
Image_2806.png,10.0,117
Image_2807.png,10.0,117
Image_2808.png,12.0,117
Image_2809.png,15.0,117
Image_2810.png,15.0,117
Image_2811.png,15.0,117
Image_2812.png,20.0,117
Image_2813.png,22.0,117
Image_2814.png,25.0,117
Image_2815.png,25.0,117
Image_2816.png,25.0,117
Image_2817.png,0.0,118
Image_2818.png,0.0,118
Image_2819.png,0.0,118
Image_2820.png,0.0,118
Image_2821.png,0.0,118
Image_2822.png,0.0,118
Image_2823.png,0.0,118
Image_2824.png,5.0,118
Image_2825.png,7.0,118
Image_2826.png,5.0,118
Image_2827.png,2.0,118
Image_2828.png,0.0,118
Image_2829.png,0.0,118
Image_2830.png,0.0,118
Image_2831.png,0.0,118
Image_2832.png,0.0,118
Image_2833.png,0.0,118
Image_2834.png,0.0,118
Image_2835.png,0.0,118
Image_2836.png,0.0,118
Image_2837.png,0.0,118
Image_2838.png,7.0,119
Image_2839.png,8.0,119
Image_2840.png,7.0,119
Image_2841.png,8.0,119
Image_2842.png,9.0,119
Image_2843.png,8.0,119
Image_2844.png,9.0,119
Image_2845.png,8.0,119
Image_2846.png,14.0,119
Image_2847.png,16.0,119
Image_2848.png,17.0,119
Image_2849.png,17.0,119
Image_2850.png,18.0,119
Image_2851.png,21.0,119
Image_2852.png,24.0,119
Image_2853.png,35.0,119
Image_2854.png,39.0,119
Image_2855.png,38.0,119
Image_2856.png,32.0,119
Image_2857.png,0.0,120
Image_2858.png,0.0,120
Image_2859.png,2.0,120
Image_2860.png,5.0,120
Image_2861.png,6.0,120
Image_2862.png,8.0,120
Image_2863.png,8.0,120
Image_2864.png,10.0,120
Image_2865.png,24.0,120
Image_2866.png,24.0,120
Image_2867.png,25.0,120
Image_2868.png,26.0,120
Image_2869.png,28.0,120
Image_2870.png,26.0,120
Image_2871.png,28.0,120
Image_2872.png,32.0,120
Image_2873.png,32.0,120
Image_2874.png,38.0,120
Image_2875.png,42.0,120
Image_2876.png,43.0,120
Image_2877.png,43.0,120
Image_2878.png,43.0,120
Image_2879.png,8.0,121
Image_2880.png,10.0,121
Image_2881.png,13.0,121
Image_2882.png,13.0,121
Image_2883.png,20.0,121
Image_2884.png,22.0,121
Image_2885.png,21.0,121
Image_2886.png,16.0,121
Image_2887.png,8.0,121
Image_2888.png,5.0,121
Image_2889.png,3.0,121
Image_2890.png,0.0,121
Image_2891.png,0.0,121
Image_2892.png,0.0,121
Image_2893.png,2.0,121
Image_2894.png,0.0,122
Image_2895.png,0.0,122
Image_2896.png,0.0,122
Image_2897.png,0.0,122
Image_2898.png,0.0,122
Image_2899.png,0.0,122
Image_2900.png,0.0,122
Image_2901.png,0.0,122
Image_2902.png,1.0,122
Image_2903.png,0.0,122
Image_2904.png,0.0,122
Image_2905.png,0.0,122
Image_2906.png,0.0,122
Image_2907.png,0.0,122
Image_2908.png,1.0,122
Image_2909.png,5.0,122
Image_2910.png,6.0,122
Image_2911.png,4.0,122
Image_2912.png,5.0,122
Image_2913.png,6.0,123
Image_2914.png,7.0,123
Image_2915.png,10.0,123
Image_2916.png,7.0,123
Image_2917.png,9.0,123
Image_2918.png,12.0,123
Image_2919.png,12.0,123
Image_2920.png,15.0,123
Image_2921.png,16.0,123
Image_2922.png,17.0,123
Image_2923.png,20.0,123
Image_2924.png,21.0,123
Image_2925.png,21.0,123
Image_2926.png,37.0,123
Image_2927.png,38.0,123
Image_2928.png,38.0,123
Image_2929.png,35.0,123
Image_2930.png,3.0,124
Image_2931.png,4.0,124
Image_2932.png,6.0,124
Image_2933.png,6.0,124
Image_2934.png,6.0,124
Image_2935.png,6.0,124
Image_2936.png,6.0,124
Image_2937.png,8.0,124
Image_2938.png,12.0,124
Image_2939.png,9.0,124
Image_2940.png,10.0,124
Image_2941.png,12.0,124
Image_2942.png,10.0,124
Image_2943.png,15.0,124
Image_2944.png,15.0,124
Image_2945.png,15.0,124
Image_2946.png,0.0,125
Image_2947.png,0.0,125
Image_2948.png,0.0,125
Image_2949.png,0.0,125
Image_2950.png,0.0,125
Image_2951.png,2.0,125
Image_2952.png,4.0,125
Image_2953.png,2.0,125
Image_2954.png,4.0,125
Image_2955.png,5.0,125
Image_2956.png,6.0,125
Image_2957.png,6.0,125
Image_2958.png,5.0,125
Image_2959.png,5.0,125
Image_2960.png,7.0,125
Image_2961.png,7.0,125
Image_2962.png,7.0,125
Image_2963.png,10.0,125
Image_2964.png,12.0,125
Image_2965.png,0.0,126
Image_2966.png,6.0,126
Image_2967.png,10.0,126
Image_2968.png,14.0,126
Image_2969.png,20.0,126
Image_2970.png,20.0,126
Image_2971.png,25.0,126
Image_2972.png,22.0,126
Image_2973.png,22.0,126
Image_2974.png,23.0,126
Image_2975.png,20.0,126
Image_2976.png,15.0,126
Image_2977.png,13.0,126
Image_2978.png,16.0,126
Image_2979.png,1.0,127
Image_2980.png,0.0,127
Image_2981.png,0.0,127
Image_2982.png,0.0,127
Image_2983.png,0.0,127
Image_2984.png,0.0,127
Image_2985.png,0.0,127
Image_2986.png,0.0,127
Image_2987.png,0.0,127
Image_2988.png,2.0,127
Image_2989.png,2.0,127
Image_2990.png,2.0,127
Image_2991.png,2.0,127
Image_2992.png,2.0,127
Image_2993.png,1.0,127
Image_2994.png,0.0,127
Image_2995.png,0.0,127
Image_2996.png,0.0,127
Image_2997.png,7.0,128
Image_2998.png,15.0,128
Image_2999.png,18.0,128
Image_3000.png,23.0,128
Image_3001.png,36.0,128
Image_3002.png,45.0,128
Image_3003.png,43.0,128
Image_3004.png,45.0,128
Image_3005.png,58.0,128
Image_3006.png,40.0,128
Image_3007.png,0.0,129
Image_3008.png,0.0,129
Image_3009.png,0.0,129
Image_3010.png,1.0,129
Image_3011.png,1.0,129
Image_3012.png,0.0,129
Image_3013.png,0.0,129
Image_3014.png,2.0,129
Image_3015.png,2.0,129
Image_3016.png,0.0,129
Image_3017.png,3.0,129
Image_3018.png,6.0,129
Image_3019.png,6.0,129
Image_3020.png,7.0,129
Image_3021.png,7.0,129
Image_3022.png,7.0,129
Image_3023.png,13.0,129
Image_3024.png,23.0,129
Image_3025.png,28.0,129
Image_3026.png,0.0,130
Image_3027.png,0.0,130
Image_3028.png,0.0,130
Image_3029.png,0.0,130
Image_3030.png,0.0,130
Image_3031.png,0.0,130
Image_3032.png,1.0,130
Image_3033.png,2.0,130
Image_3034.png,1.0,130
Image_3035.png,0.0,130
Image_3036.png,0.0,130
Image_3037.png,0.0,130
Image_3038.png,4.0,130
Image_3039.png,4.0,130
Image_3040.png,7.0,130
Image_3041.png,8.0,130
Image_3042.png,8.0,130
Image_3043.png,6.0,130
Image_3044.png,8.0,130
Image_3045.png,0.0,131
Image_3046.png,1.0,131
Image_3047.png,5.0,131
Image_3048.png,20.0,131
Image_3049.png,30.0,131
Image_3050.png,35.0,131
Image_3051.png,32.0,131
Image_3052.png,35.0,131
Image_3053.png,40.0,131
